"","Date","Site","Type","Species","CPUE","Mass"
"1","10/18/2023","606","Station","Calanoid_other",0,0
"2","10/18/2023","606","Station","Calanoid_other",1370.41,3658.9947
"3","10/18/2023","606","Station","Cladocera",0,0
"4","10/18/2023","606","Station","Cladocera",1.8,1.8
"5","10/18/2023","606","Station","Copepod nauplii",0,0
"6","10/18/2023","606","Station","Cumacean",1.8,23.76
"7","10/18/2023","606","Station","Cyclopoid_other",3.6,23.976
"8","10/18/2023","606","Station","Cyclopoid_other",17.5,28
"9","10/18/2023","606","Station","Eurytemora affinis",0,0
"10","10/18/2023","606","Station","Eurytemora affinis",3.5,4.9
"11","10/18/2023","606","Station","Limnoithona",0,0
"12","10/18/2023","606","Station","Limnoithona",26.2,3.406
"13","10/18/2023","606","Station","Ostracod",45.4,0
"14","10/18/2023","606","Station","Pseudodiaptomus forbesi",0,0
"15","10/18/2023","606","Station","Pseudodiaptomus forbesi",413.7,475.755
"16","10/18/2023","606","Station","Pseudodiaptomus forbesi",1794.6,4773.636
"17","10/18/2023","606","Station","Pseudodiaptomus nauplii",0,0
"18","10/18/2023","606","Station","Rotifer",0,0
"19","10/6/2023","606","Station","Calanoid_other",0,0
"20","10/6/2023","606","Station","Calanoid_other",375.57,1002.7719
"21","10/6/2023","606","Station","Cladocera",0,0
"22","10/6/2023","606","Station","Cladocera",9.8,9.8
"23","10/6/2023","606","Station","Copepod nauplii",11.8,1.18
"24","10/6/2023","606","Station","Cumacean",0,0
"25","10/6/2023","606","Station","Cyclopoid_other",0,0
"26","10/6/2023","606","Station","Cyclopoid_other",3.9,6.24
"27","10/6/2023","606","Station","Eurytemora affinis",0,0
"28","10/6/2023","606","Station","Limnoithona",0,0
"29","10/6/2023","606","Station","Limnoithona",3.9,0.507
"30","10/6/2023","606","Station","Ostracod",23.6,0
"31","10/6/2023","606","Station","Pseudodiaptomus forbesi",0,0
"32","10/6/2023","606","Station","Pseudodiaptomus forbesi",43.3,49.795
"33","10/6/2023","606","Station","Pseudodiaptomus forbesi",416.9,1108.954
"34","10/6/2023","606","Station","Pseudodiaptomus nauplii",5.9,0.59
"35","10/6/2023","606","Station","Rotifer",0,0
"36","8/21/2023","606","Station","Calanoid_other",0,0
"37","8/21/2023","606","Station","Calanoid_other",1448.8,3868.296
"38","8/21/2023","606","Station","Cladocera",0,0
"39","8/21/2023","606","Station","Copepod nauplii",11.9,1.19
"40","8/21/2023","606","Station","Cumacean",0,0
"41","8/21/2023","606","Station","Cyclopoid_other",0,0
"42","8/21/2023","606","Station","Cyclopoid_other",11.9,19.04
"43","8/21/2023","606","Station","Eurytemora affinis",0,0
"44","8/21/2023","606","Station","Limnoithona",0,0
"45","8/21/2023","606","Station","Limnoithona",95,12.35
"46","8/21/2023","606","Station","Ostracod",83.1,0
"47","8/21/2023","606","Station","Pseudodiaptomus forbesi",0,0
"48","8/21/2023","606","Station","Pseudodiaptomus forbesi",95,109.25
"49","8/21/2023","606","Station","Pseudodiaptomus forbesi",332.5,884.45
"50","8/21/2023","606","Station","Pseudodiaptomus nauplii",0,0
"51","8/21/2023","606","Station","Rotifer",0,0
"52","9/11/2023","606","Station","Calanoid_other",0,0
"53","9/11/2023","606","Station","Calanoid_other",879.05,2347.0635
"54","9/11/2023","606","Station","Cladocera",0,0
"55","9/11/2023","606","Station","Cladocera",4.8,4.8
"56","9/11/2023","606","Station","Cladocera",9.6,9.6
"57","9/11/2023","606","Station","Copepod nauplii",0,0
"58","9/11/2023","606","Station","Cumacean",0,0
"59","9/11/2023","606","Station","Cyclopoid_other",0,0
"60","9/11/2023","606","Station","Eurytemora affinis",0,0
"61","9/11/2023","606","Station","Limnoithona",0,0
"62","9/11/2023","606","Station","Limnoithona",28.7,3.731
"63","9/11/2023","606","Station","Ostracod",114.7,0
"64","9/11/2023","606","Station","Pseudodiaptomus forbesi",0,0
"65","9/11/2023","606","Station","Pseudodiaptomus forbesi",86,98.9
"66","9/11/2023","606","Station","Pseudodiaptomus forbesi",301,800.66
"67","9/11/2023","606","Station","Pseudodiaptomus nauplii",0,0
"68","9/11/2023","606","Station","Rotifer",0,0
"69","9/20/2023","606","Station","Calanoid_other",0,0
"70","9/20/2023","606","Station","Calanoid_other",308.81,824.5227
"71","9/20/2023","606","Station","Cladocera",0,0
"72","9/20/2023","606","Station","Cladocera",5.9,5.9
"73","9/20/2023","606","Station","Copepod nauplii",0,0
"74","9/20/2023","606","Station","Cumacean",0,0
"75","9/20/2023","606","Station","Cyclopoid_other",0,0
"76","9/20/2023","606","Station","Cyclopoid_other",2.9,4.64
"77","9/20/2023","606","Station","Cyclopoid_other",5.9,19.824
"78","9/20/2023","606","Station","Eurytemora affinis",0,0
"79","9/20/2023","606","Station","Limnoithona",0,0
"80","9/20/2023","606","Station","Limnoithona",2.9,0.377
"81","9/20/2023","606","Station","Ostracod",73.5,0
"82","9/20/2023","606","Station","Pseudodiaptomus forbesi",0,0
"83","9/20/2023","606","Station","Pseudodiaptomus forbesi",76.5,87.975
"84","9/20/2023","606","Station","Pseudodiaptomus forbesi",885.3,2354.898
"85","9/20/2023","606","Station","Pseudodiaptomus nauplii",0,0
"86","9/20/2023","606","Station","Rotifer",0,0
"87","10/18/2023","609","Station","Calanoid_other",0,0
"88","10/18/2023","609","Station","Calanoid_other",302.36,807.3012
"89","10/18/2023","609","Station","Cladocera",0,0
"90","10/18/2023","609","Station","Cladocera",7.2,7.2
"91","10/18/2023","609","Station","Copepod nauplii",4.8,0.48
"92","10/18/2023","609","Station","Cumacean",0,0
"93","10/18/2023","609","Station","Cyclopoid_other",4.8,31.968
"94","10/18/2023","609","Station","Cyclopoid_other",100.8,161.28
"95","10/18/2023","609","Station","Eurytemora affinis",0,0
"96","10/18/2023","609","Station","Eurytemora affinis",4.8,7.2
"97","10/18/2023","609","Station","Limnoithona",0,0
"98","10/18/2023","609","Station","Limnoithona",2.4,0.096
"99","10/18/2023","609","Station","Limnoithona",134.4,17.472
"100","10/18/2023","609","Station","Ostracod",9.6,0
"101","10/18/2023","609","Station","Pseudodiaptomus forbesi",0,0
"102","10/18/2023","609","Station","Pseudodiaptomus forbesi",235.2,625.632
"103","10/18/2023","609","Station","Pseudodiaptomus forbesi",264,303.6
"104","10/18/2023","609","Station","Pseudodiaptomus nauplii",48,4.8
"105","10/18/2023","609","Station","Rotifer",0,0
"106","10/6/2023","609","Station","Calanoid_other",0,0
"107","10/6/2023","609","Station","Calanoid_other",235.69,629.2923
"108","10/6/2023","609","Station","Cladocera",0,0
"109","10/6/2023","609","Station","Cladocera",2.8,2.8
"110","10/6/2023","609","Station","Copepod nauplii",123.5,12.35
"111","10/6/2023","609","Station","Cumacean",2.8,36.96
"112","10/6/2023","609","Station","Cyclopoid_other",0,0
"113","10/6/2023","609","Station","Cyclopoid_other",2.8,9.408
"114","10/6/2023","609","Station","Cyclopoid_other",19.6,31.36
"115","10/6/2023","609","Station","Eurytemora affinis",0,0
"116","10/6/2023","609","Station","Eurytemora affinis",2.8,3.92
"117","10/6/2023","609","Station","Limnoithona",0,0
"118","10/6/2023","609","Station","Limnoithona",30.9,4.017
"119","10/6/2023","609","Station","Ostracod",73,0
"120","10/6/2023","609","Station","Pseudodiaptomus forbesi",0,0
"121","10/6/2023","609","Station","Pseudodiaptomus forbesi",356.3,409.745
"122","10/6/2023","609","Station","Pseudodiaptomus forbesi",1405.7,3739.162
"123","10/6/2023","609","Station","Pseudodiaptomus nauplii",123.5,12.35
"124","10/6/2023","609","Station","Rotifer",0,0
"125","8/21/2023","609","Station","Calanoid_other",0,0
"126","8/21/2023","609","Station","Calanoid_other",809.8,2162.166
"127","8/21/2023","609","Station","Cladocera",0,0
"128","8/21/2023","609","Station","Copepod nauplii",7.5,0.75
"129","8/21/2023","609","Station","Cumacean",0,0
"130","8/21/2023","609","Station","Cyclopoid_other",0,0
"131","8/21/2023","609","Station","Eurytemora affinis",0,0
"132","8/21/2023","609","Station","Limnoithona",0,0
"133","8/21/2023","609","Station","Limnoithona",30,3.9
"134","8/21/2023","609","Station","Ostracod",48.7,0
"135","8/21/2023","609","Station","Pseudodiaptomus forbesi",0,0
"136","8/21/2023","609","Station","Pseudodiaptomus forbesi",45,51.75
"137","8/21/2023","609","Station","Pseudodiaptomus forbesi",52.5,139.65
"138","8/21/2023","609","Station","Pseudodiaptomus nauplii",15,1.5
"139","8/21/2023","609","Station","Rotifer",0,0
"140","9/11/2023","609","Station","Calanoid_other",0,0
"141","9/11/2023","609","Station","Calanoid_other",224.47,599.3349
"142","9/11/2023","609","Station","Cladocera",0,0
"143","9/11/2023","609","Station","Cladocera",5.2,5.2
"144","9/11/2023","609","Station","Cladocera",18.1,18.1
"145","9/11/2023","609","Station","Copepod nauplii",12.9,1.29
"146","9/11/2023","609","Station","Cumacean",0,0
"147","9/11/2023","609","Station","Cyclopoid_other",10.4,69.264
"148","9/11/2023","609","Station","Cyclopoid_other",49,78.4
"149","9/11/2023","609","Station","Eurytemora affinis",0,0
"150","9/11/2023","609","Station","Eurytemora affinis",2.6,3.64
"151","9/11/2023","609","Station","Limnoithona",0,0
"152","9/11/2023","609","Station","Limnoithona",2.6,0.338
"153","9/11/2023","609","Station","Ostracod",46.4,0
"154","9/11/2023","609","Station","Pseudodiaptomus forbesi",0,0
"155","9/11/2023","609","Station","Pseudodiaptomus forbesi",314.8,362.02
"156","9/11/2023","609","Station","Pseudodiaptomus forbesi",451.5,1200.99
"157","9/11/2023","609","Station","Pseudodiaptomus nauplii",38.7,3.87
"158","9/11/2023","609","Station","Rotifer",0,0
"159","9/11/2023","609","Station","Rotifer",5.2,0.52
"160","9/20/2023","609","Station","Calanoid_other",0,0
"161","9/20/2023","609","Station","Calanoid_other",374.2,999.114
"162","9/20/2023","609","Station","Cladocera",0,0
"163","9/20/2023","609","Station","Cladocera",1.3,4.433
"164","9/20/2023","609","Station","Cladocera",2.6,2.6
"165","9/20/2023","609","Station","Cladocera",6.5,6.5
"166","9/20/2023","609","Station","Copepod nauplii",0,0
"167","9/20/2023","609","Station","Cumacean",0,0
"168","9/20/2023","609","Station","Cyclopoid_other",0,0
"169","9/20/2023","609","Station","Cyclopoid_other",2.6,8.58
"170","9/20/2023","609","Station","Cyclopoid_other",7.8,12.48
"171","9/20/2023","609","Station","Eurytemora affinis",0,0
"172","9/20/2023","609","Station","Limnoithona",0,0
"173","9/20/2023","609","Station","Ostracod",41.4,0
"174","9/20/2023","609","Station","Pseudodiaptomus forbesi",0,0
"175","9/20/2023","609","Station","Pseudodiaptomus forbesi",185.2,492.632
"176","9/20/2023","609","Station","Pseudodiaptomus forbesi",291.3,334.995
"177","9/20/2023","609","Station","Pseudodiaptomus nauplii",0,0
"178","9/20/2023","609","Station","Rotifer",0,0
"179","10/12/2023","706","Station","Calanoid_other",0,0
"180","10/12/2023","706","Station","Calanoid_other",2.75,7.3425
"181","10/12/2023","706","Station","Calanoid_other",5.6,19.6
"182","10/12/2023","706","Station","Cladocera",0,0
"183","10/12/2023","706","Station","Cladocera",2.8,2.8
"184","10/12/2023","706","Station","Cladocera",11,11
"185","10/12/2023","706","Station","Cladocera",13.7,8.22
"186","10/12/2023","706","Station","Copepod nauplii",0,0
"187","10/12/2023","706","Station","Cumacean",0,0
"188","10/12/2023","706","Station","Cyclopoid_other",0,0
"189","10/12/2023","706","Station","Cyclopoid_other",13.7,45.21
"190","10/12/2023","706","Station","Cyclopoid_other",16.5,26.4
"191","10/12/2023","706","Station","Eurytemora affinis",0,0
"192","10/12/2023","706","Station","Limnoithona",0,0
"193","10/12/2023","706","Station","Ostracod",0,0
"194","10/12/2023","706","Station","Pseudodiaptomus forbesi",0,0
"195","10/12/2023","706","Station","Pseudodiaptomus forbesi",197.8,526.148
"196","10/12/2023","706","Station","Pseudodiaptomus forbesi",717.1,824.665
"197","10/12/2023","706","Station","Pseudodiaptomus nauplii",197.8,19.78
"198","10/12/2023","706","Station","Rotifer",0,0
"199","10/18/2023","706","Station","Calanoid_other",0,0
"200","10/18/2023","706","Station","Calanoid_other",2.8,4.2
"201","10/18/2023","706","Station","Calanoid_other",1251.31,3340.9977
"202","10/18/2023","706","Station","Cladocera",0,0
"203","10/18/2023","706","Station","Cladocera",2.8,1.68
"204","10/18/2023","706","Station","Cladocera",11.2,22.4
"205","10/18/2023","706","Station","Copepod nauplii",0,0
"206","10/18/2023","706","Station","Cumacean",0,0
"207","10/18/2023","706","Station","Cyclopoid_other",0,0
"208","10/18/2023","706","Station","Cyclopoid_other",2.8,9.24
"209","10/18/2023","706","Station","Cyclopoid_other",14,22.4
"210","10/18/2023","706","Station","Eurytemora affinis",0,0
"211","10/18/2023","706","Station","Limnoithona",0,0
"212","10/18/2023","706","Station","Limnoithona",14,1.82
"213","10/18/2023","706","Station","Ostracod",2.8,0
"214","10/18/2023","706","Station","Pseudodiaptomus forbesi",0,0
"215","10/18/2023","706","Station","Pseudodiaptomus forbesi",624.3,1660.638
"216","10/18/2023","706","Station","Pseudodiaptomus forbesi",2609,3000.35
"217","10/18/2023","706","Station","Pseudodiaptomus nauplii",173.6,17.36
"218","10/18/2023","706","Station","Rotifer",0,0
"219","8/23/2023","706","Station","Calanoid_other",0,0
"220","8/23/2023","706","Station","Calanoid_other",893.9,2386.713
"221","8/23/2023","706","Station","Cladocera",0,0
"222","8/23/2023","706","Station","Cladocera",13.5,13.5
"223","8/23/2023","706","Station","Cladocera",27.1,16.26
"224","8/23/2023","706","Station","Copepod nauplii",0,0
"225","8/23/2023","706","Station","Cumacean",0,0
"226","8/23/2023","706","Station","Cyclopoid_other",0,0
"227","8/23/2023","706","Station","Cyclopoid_other",40.6,198.94
"228","8/23/2023","706","Station","Eurytemora affinis",0,0
"229","8/23/2023","706","Station","Limnoithona",0,0
"230","8/23/2023","706","Station","Ostracod",13.5,0
"231","8/23/2023","706","Station","Pseudodiaptomus forbesi",0,0
"232","8/23/2023","706","Station","Pseudodiaptomus forbesi",812.7,2161.782
"233","8/23/2023","706","Station","Pseudodiaptomus forbesi",3799.2,4369.08
"234","8/23/2023","706","Station","Pseudodiaptomus nauplii",142.2,14.22
"235","8/23/2023","706","Station","Rotifer",0,0
"236","9/15/2023","706","Station","Calanoid_other",0,0
"237","9/15/2023","706","Station","Calanoid_other",9.1,24.297
"238","9/15/2023","706","Station","Cladocera",0,0
"239","9/15/2023","706","Station","Cladocera",18.2,29.12
"240","9/15/2023","706","Station","Cladocera",15.2,15.2
"241","9/15/2023","706","Station","Copepod nauplii",0,0
"242","9/15/2023","706","Station","Cumacean",0,0
"243","9/15/2023","706","Station","Cyclopoid_other",0,0
"244","9/15/2023","706","Station","Cyclopoid_other",9.1,30.03
"245","9/15/2023","706","Station","Cyclopoid_other",24.3,38.88
"246","9/15/2023","706","Station","Eurytemora affinis",0,0
"247","9/15/2023","706","Station","Limnoithona",0,0
"248","9/15/2023","706","Station","Ostracod",3,0
"249","9/15/2023","706","Station","Pseudodiaptomus forbesi",0,0
"250","9/15/2023","706","Station","Pseudodiaptomus forbesi",173,460.18
"251","9/15/2023","706","Station","Pseudodiaptomus forbesi",1353.3,1556.295
"252","9/15/2023","706","Station","Pseudodiaptomus nauplii",218.5,21.85
"253","9/15/2023","706","Station","Rotifer",0,0
"254","9/20/2023","706","Station","Calanoid_other",0,0
"255","9/20/2023","706","Station","Calanoid_other",6,12
"256","9/20/2023","706","Station","Calanoid_other",203.09,542.2503
"257","9/20/2023","706","Station","Cladocera",0,0
"258","9/20/2023","706","Station","Cladocera",13.9,13.9
"259","9/20/2023","706","Station","Cladocera",15.9,9.54
"260","9/20/2023","706","Station","Cladocera",23.9,23.9
"261","9/20/2023","706","Station","Copepod nauplii",0,0
"262","9/20/2023","706","Station","Cumacean",0,0
"263","9/20/2023","706","Station","Cyclopoid_other",0,0
"264","9/20/2023","706","Station","Cyclopoid_other",8,26.4
"265","9/20/2023","706","Station","Cyclopoid_other",45.8,73.28
"266","9/20/2023","706","Station","Eurytemora affinis",0,0
"267","9/20/2023","706","Station","Limnoithona",0,0
"268","9/20/2023","706","Station","Ostracod",4,0
"269","9/20/2023","706","Station","Pseudodiaptomus forbesi",0,0
"270","9/20/2023","706","Station","Pseudodiaptomus forbesi",39.8,105.868
"271","9/20/2023","706","Station","Pseudodiaptomus forbesi",1055.3,1213.595
"272","9/20/2023","706","Station","Pseudodiaptomus nauplii",27.9,2.79
"273","9/20/2023","706","Station","Rotifer",0,0
"274","10/12/2023","707","Station","Calanoid_other",0,0
"275","10/12/2023","707","Station","Calanoid_other",11.4,30.438
"276","10/12/2023","707","Station","Cladocera",0,0
"277","10/12/2023","707","Station","Cladocera",5.7,3.42
"278","10/12/2023","707","Station","Cladocera",8.5,8.5
"279","10/12/2023","707","Station","Cladocera",25.6,25.6
"280","10/12/2023","707","Station","Copepod nauplii",0,0
"281","10/12/2023","707","Station","Cumacean",0,0
"282","10/12/2023","707","Station","Cyclopoid_other",0,0
"283","10/12/2023","707","Station","Cyclopoid_other",2.8,9.24
"284","10/12/2023","707","Station","Cyclopoid_other",19.9,31.84
"285","10/12/2023","707","Station","Eurytemora affinis",0,0
"286","10/12/2023","707","Station","Limnoithona",0,0
"287","10/12/2023","707","Station","Ostracod",2.8,0
"288","10/12/2023","707","Station","Pseudodiaptomus forbesi",0,0
"289","10/12/2023","707","Station","Pseudodiaptomus forbesi",406.3,1080.758
"290","10/12/2023","707","Station","Pseudodiaptomus forbesi",1056.9,1215.435
"291","10/12/2023","707","Station","Pseudodiaptomus nauplii",102.3,10.23
"292","10/12/2023","707","Station","Rotifer",0,0
"293","8/23/2023","707","Station","Calanoid_other",0,0
"294","8/23/2023","707","Station","Calanoid_other",178.6,476.862
"295","8/23/2023","707","Station","Cladocera",0,0
"296","8/23/2023","707","Station","Cladocera",19.8,19.8
"297","8/23/2023","707","Station","Cladocera",49.6,79.36
"298","8/23/2023","707","Station","Copepod nauplii",0,0
"299","8/23/2023","707","Station","Cumacean",0,0
"300","8/23/2023","707","Station","Cyclopoid_other",0,0
"301","8/23/2023","707","Station","Cyclopoid_other",5,16.5
"302","8/23/2023","707","Station","Cyclopoid_other",9.9,15.84
"303","8/23/2023","707","Station","Eurytemora affinis",0,0
"304","8/23/2023","707","Station","Limnoithona",0,0
"305","8/23/2023","707","Station","Ostracod",0,0
"306","8/23/2023","707","Station","Pseudodiaptomus forbesi",0,0
"307","8/23/2023","707","Station","Pseudodiaptomus forbesi",109.1,290.206
"308","8/23/2023","707","Station","Pseudodiaptomus forbesi",2931.4,3371.11
"309","8/23/2023","707","Station","Pseudodiaptomus nauplii",9.9,0.99
"310","8/23/2023","707","Station","Rotifer",0,0
"311","9/15/2023","707","Station","Calanoid_other",0,0
"312","9/15/2023","707","Station","Calanoid_other",3.1,4.65
"313","9/15/2023","707","Station","Calanoid_other",12.3,32.841
"314","9/15/2023","707","Station","Cladocera",0,0
"315","9/15/2023","707","Station","Cladocera",6.2,6.2
"316","9/15/2023","707","Station","Cladocera",9.2,5.52
"317","9/15/2023","707","Station","Cladocera",15.4,15.4
"318","9/15/2023","707","Station","Copepod nauplii",0,0
"319","9/15/2023","707","Station","Cumacean",0,0
"320","9/15/2023","707","Station","Cyclopoid_other",0,0
"321","9/15/2023","707","Station","Cyclopoid_other",6.2,20.46
"322","9/15/2023","707","Station","Cyclopoid_other",49.3,78.88
"323","9/15/2023","707","Station","Eurytemora affinis",0,0
"324","9/15/2023","707","Station","Limnoithona",0,0
"325","9/15/2023","707","Station","Limnoithona",3.1,0.403
"326","9/15/2023","707","Station","Ostracod",3.1,0
"327","9/15/2023","707","Station","Pseudodiaptomus forbesi",0,0
"328","9/15/2023","707","Station","Pseudodiaptomus forbesi",203.2,540.512
"329","9/15/2023","707","Station","Pseudodiaptomus forbesi",1062.4,1221.76
"330","9/15/2023","707","Station","Pseudodiaptomus nauplii",86.2,8.62
"331","9/15/2023","707","Station","Rotifer",0,0
"332","8/21/2023","MONT","Station","Calanoid_other",0,0
"333","8/21/2023","MONT","Station","Calanoid_other",764.6,2041.482
"334","8/21/2023","MONT","Station","Cladocera",0,0
"335","8/21/2023","MONT","Station","Cladocera",4.6,4.6
"336","8/21/2023","MONT","Station","Copepod nauplii",0,0
"337","8/21/2023","MONT","Station","Cumacean",0,0
"338","8/21/2023","MONT","Station","Cyclopoid_other",0,0
"339","8/21/2023","MONT","Station","Eurytemora affinis",0,0
"340","8/21/2023","MONT","Station","Limnoithona",0,0
"341","8/21/2023","MONT","Station","Limnoithona",1.2,0.156
"342","8/21/2023","MONT","Station","Ostracod",33.5,0
"343","8/21/2023","MONT","Station","Pseudodiaptomus forbesi",0,0
"344","8/21/2023","MONT","Station","Pseudodiaptomus forbesi",2.3,2.645
"345","8/21/2023","MONT","Station","Pseudodiaptomus forbesi",6.9,18.354
"346","8/21/2023","MONT","Station","Pseudodiaptomus nauplii",0,0
"347","8/21/2023","MONT","Station","Rotifer",0,0
"348","1694649600","Rio Vista","Flip","Cladocera",7.5,145.294697271894
"349","1695859200","Rio Vista","Flip","Cladocera",5,97.7437054374559
"350","1696982400","Rio Vista","Flip","Cladocera",3,47.550991834438
"351","1694649600","Rio Vista","Flip","Copepod nauplii",82.5,217.942045907841
"352","1695859200","Rio Vista","Flip","Copepod nauplii",53,140.011253734734
"353","1696982400","Rio Vista","Flip","Copepod nauplii",53,140.011253734734
"354","1694649600","Rio Vista","Flip","Cyclopoid_other",2.5,105.668870743196
"355","1695859200","Rio Vista","Flip","Cyclopoid_other",3,126.802644891835
"356","1696982400","Rio Vista","Flip","Cyclopoid_other",4,169.070193189113
"357","1694649600","Rio Vista","Flip","Gastropod",7.5,0
"358","1695859200","Rio Vista","Flip","Gastropod",7,0
"359","1696982400","Rio Vista","Flip","Gastropod",3,0
"360","1694649600","Rio Vista","Flip","Limnoithona",20,38.9653960865534
"361","1695859200","Rio Vista","Flip","Limnoithona",8,10.8310592511775
"362","1696982400","Rio Vista","Flip","Limnoithona",11,14.0011253734734
"363","1694649600","Rio Vista","Flip","Ostracod",10,0
"364","1695859200","Rio Vista","Flip","Ostracod",1,0
"365","1696982400","Rio Vista","Flip","Ostracod",2,0
"366","1694649600","Rio Vista","Flip","Pseudodiaptomus forbesi",12.5,379.747504233359
"367","1695859200","Rio Vista","Flip","Pseudodiaptomus forbesi",11,533.627797253138
"368","1696982400","Rio Vista","Flip","Pseudodiaptomus forbesi",6,262.058799443125
"369","1694649600","Rio Vista","Flip","Pseudodiaptomus nauplii",282.5,746.286399623819
"370","1695859200","Rio Vista","Flip","Pseudodiaptomus nauplii",138,364.557604064025
"371","1696982400","Rio Vista","Flip","Pseudodiaptomus nauplii",118,311.723168692427
"372","1694649600","Rio Vista","Flip","Rotifer",92.5,283.985090122338
"373","1695859200","Rio Vista","Flip","Rotifer",18,55.4761571401777
"374","1696982400","Rio Vista","Flip","Rotifer",31,82.4217191796926
"375","1694649600","Rio Vista","Outside","Cladocera",8,211.337741486391
"376","1695859200","Rio Vista","Outside","Cladocera",7.5,158.503306114793
"377","1696982400","Rio Vista","Outside","Cladocera",1.53846153846154,24.3851240176605
"378","1694649600","Rio Vista","Outside","Copepod nauplii",70,184.920523800592
"379","1695859200","Rio Vista","Outside","Copepod nauplii",48.75,128.78393621827
"380","1696982400","Rio Vista","Outside","Copepod nauplii",66.1538461538462,174.7600554599
"381","1694649600","Rio Vista","Outside","Cyclopoid_other",2,84.5350965945565
"382","1695859200","Rio Vista","Outside","Cyclopoid_other",9.375,396.258265286983
"383","1696982400","Rio Vista","Outside","Cyclopoid_other",1.53846153846154,134.118182097133
"384","1696982400","Rio Vista","Outside","Eurytemora affinis",1.53846153846154,4.06418733627675
"385","1694649600","Rio Vista","Outside","Gastropod",8,0
"386","1695859200","Rio Vista","Outside","Gastropod",11.25,0
"387","1696982400","Rio Vista","Outside","Gastropod",10.7692307692308,0
"388","1694649600","Rio Vista","Outside","Limnoithona",8,13.2086088428994
"389","1695859200","Rio Vista","Outside","Limnoithona",13.125,27.2427557384801
"390","1696982400","Rio Vista","Outside","Limnoithona",10.7692307692308,15.037493144224
"391","1694649600","Rio Vista","Outside","Ostracod",8,0
"392","1695859200","Rio Vista","Outside","Ostracod",13.125,0
"393","1696982400","Rio Vista","Outside","Ostracod",7.69230769230769,0
"394","1694649600","Rio Vista","Outside","Pseudodiaptomus forbesi",56,1781.04881637656
"395","1695859200","Rio Vista","Outside","Pseudodiaptomus forbesi",22.5,758.339255192965
"396","1696982400","Rio Vista","Outside","Pseudodiaptomus forbesi",13.8461538461538,482.012618082423
"397","1694649600","Rio Vista","Outside","Pseudodiaptomus nauplii",214,565.328458476096
"398","1695859200","Rio Vista","Outside","Pseudodiaptomus nauplii",204.375,539.901886453515
"399","1696982400","Rio Vista","Outside","Pseudodiaptomus nauplii",120,317.006612229587
"400","1694649600","Rio Vista","Outside","Rotifer",100,324.40343318161
"401","1695859200","Rio Vista","Outside","Rotifer",31.875,98.0739206585284
"402","1696982400","Rio Vista","Outside","Rotifer",86.1538461538462,262.546501923478
"403","1694649600","Rio Vista","Scrub","Cladocera",2.85714285714286,45.286658889941
"404","1695859200","Rio Vista","Scrub","Cladocera",4,73.9682095202369
"405","1696982400","Rio Vista","Scrub","Cladocera",3.75,26.4172176857989
"406","1694649600","Rio Vista","Scrub","Copepod nauplii",65.7142857142857,173.598859078107
"407","1695859200","Rio Vista","Scrub","Copepod nauplii",39,103.027148974616
"408","1696982400","Rio Vista","Scrub","Copepod nauplii",33.75,89.1581096895713
"409","1696982400","Rio Vista","Scrub","Corophiidae",1.25,6211.34830837347
"410","1694649600","Rio Vista","Scrub","Cyclopoid_other",5.71428571428571,241.528847413018
"411","1695859200","Rio Vista","Scrub","Cyclopoid_other",2,84.5350965945565
"412","1696982400","Rio Vista","Scrub","Eurytemora affinis",1.25,3.30215221072486
"413","1695859200","Rio Vista","Scrub","Gastropod",7,0
"414","1696982400","Rio Vista","Scrub","Gastropod",12.5,0
"415","1694649600","Rio Vista","Scrub","Limnoithona",5.71428571428571,12.8312200188166
"416","1695859200","Rio Vista","Scrub","Limnoithona",3,3.17006612229587
"417","1696982400","Rio Vista","Scrub","Limnoithona",6.25,6.60430442144972
"418","1694649600","Rio Vista","Scrub","Ostracod",28.5714285714286,0
"419","1695859200","Rio Vista","Scrub","Ostracod",7,0
"420","1696982400","Rio Vista","Scrub","Ostracod",1.25,0
"421","1694649600","Rio Vista","Scrub","Pseudodiaptomus forbesi",31.4285714285714,1524.65084929468
"422","1695859200","Rio Vista","Scrub","Pseudodiaptomus forbesi",12,683.677593708475
"423","1696982400","Rio Vista","Scrub","Pseudodiaptomus forbesi",2.5,175.674497610563
"424","1694649600","Rio Vista","Scrub","Pseudodiaptomus nauplii",180,475.50991834438
"425","1695859200","Rio Vista","Scrub","Pseudodiaptomus nauplii",55,145.294697271894
"426","1696982400","Rio Vista","Scrub","Pseudodiaptomus nauplii",98.75,260.870024647264
"427","1694649600","Rio Vista","Scrub","Rotifer",151.428571428571,427.204148861776
"428","1695859200","Rio Vista","Scrub","Rotifer",26,85.0634409482724
"429","1696982400","Rio Vista","Scrub","Rotifer",26.25,93.7811227845861
"430","1694649600","Rio Vista","Outside","Cladocera",4.54545454545455,96.0626097665414
"431","1695859200","Rio Vista","Outside","Cladocera",3.33333333333333,70.445913828797
"432","1696982400","Rio Vista","Outside","Cladocera",1,15.8503306114793
"433","1694649600","Rio Vista","Outside","Copepod nauplii",95.4545454545455,252.164350637171
"434","1695859200","Rio Vista","Outside","Copepod nauplii",73.3333333333333,193.726263029192
"435","1696982400","Rio Vista","Outside","Copepod nauplii",30,79.2516530573967
"436","1694649600","Rio Vista","Outside","Cyclopoid_other",2.27272727272727,198.129132643492
"437","1695859200","Rio Vista","Outside","Cyclopoid_other",5,211.337741486391
"438","1695859200","Rio Vista","Outside","Eurytemora affinis",3.33333333333333,8.80573922859963
"439","1694649600","Rio Vista","Outside","Gastropod",15.9090909090909,0
"440","1695859200","Rio Vista","Outside","Gastropod",8.33333333333333,0
"441","1696982400","Rio Vista","Outside","Gastropod",6,0
"442","1694649600","Rio Vista","Outside","Limnoithona",2.27272727272727,2.40156524416354
"443","1695859200","Rio Vista","Outside","Limnoithona",5,9.24602619002961
"444","1696982400","Rio Vista","Outside","Limnoithona",8,13.2086088428994
"445","1694649600","Rio Vista","Outside","Ostracod",4.54545454545455,0
"446","1695859200","Rio Vista","Outside","Ostracod",5,0
"447","1696982400","Rio Vista","Outside","Ostracod",1,0
"448","1694649600","Rio Vista","Outside","Pseudodiaptomus forbesi",20.4545454545455,621.405006927315
"449","1695859200","Rio Vista","Outside","Pseudodiaptomus forbesi",16.6666666666667,572.813336820406
"450","1696982400","Rio Vista","Outside","Pseudodiaptomus forbesi",21,637.975807112043
"451","1694649600","Rio Vista","Outside","Pseudodiaptomus nauplii",229.545454545455,606.395224151293
"452","1695859200","Rio Vista","Outside","Pseudodiaptomus nauplii",215,567.970180244676
"453","1696982400","Rio Vista","Outside","Pseudodiaptomus nauplii",110,290.589394543788
"454","1694649600","Rio Vista","Outside","Rotifer",172.727272727273,489.919309809361
"455","1695859200","Rio Vista","Outside","Rotifer",21.6666666666667,73.9682095202369
"456","1696982400","Rio Vista","Outside","Rotifer",13,36.4557604064025
"457","1694649600","Rio Vista","Flip","Cladocera",8.57142857142857,181.146635559764
"458","1695859200","Rio Vista","Flip","Cladocera",4.5,103.027148974616
"459","1696982400","Rio Vista","Flip","Cladocera",1,26.4172176857989
"460","1694649600","Rio Vista","Flip","Copepod nauplii",53.5714285714286,141.520809031066
"461","1695859200","Rio Vista","Flip","Copepod nauplii",91.5,241.71754182506
"462","1696982400","Rio Vista","Flip","Copepod nauplii",38,100.385427206036
"463","1694649600","Rio Vista","Flip","Cyclopoid_other",12.8571428571429,543.439906679292
"464","1695859200","Rio Vista","Flip","Cyclopoid_other",1.5,63.4013224459173
"465","1696982400","Rio Vista","Flip","Cyclopoid_other",1,87.1768183631363
"466","1694649600","Rio Vista","Flip","Gastropod",12.8571428571429,0
"467","1695859200","Rio Vista","Flip","Gastropod",15,0
"468","1696982400","Rio Vista","Flip","Gastropod",14,0
"469","1694649600","Rio Vista","Flip","Limnoithona",15,26.0398288617161
"470","1695859200","Rio Vista","Flip","Limnoithona",6,9.90645663217459
"471","1696982400","Rio Vista","Flip","Limnoithona",9,11.8877479586095
"472","1694649600","Rio Vista","Flip","Ostracod",15,0
"473","1695859200","Rio Vista","Flip","Ostracod",3,0
"474","1696982400","Rio Vista","Flip","Ostracod",2,0
"475","1694649600","Rio Vista","Flip","Pseudodiaptomus forbesi",25.7142857142857,1294.06627778006
"476","1695859200","Rio Vista","Flip","Pseudodiaptomus forbesi",4.5,136.709101524009
"477","1696982400","Rio Vista","Flip","Pseudodiaptomus forbesi",2,60.7596006773375
"478","1694649600","Rio Vista","Flip","Pseudodiaptomus nauplii",150,396.258265286983
"479","1695859200","Rio Vista","Flip","Pseudodiaptomus nauplii",160.5,423.996343857072
"480","1696982400","Rio Vista","Flip","Pseudodiaptomus nauplii",88,232.47151563503
"481","1694649600","Rio Vista","Flip","Rotifer",117.857142857143,350.971606397042
"482","1695859200","Rio Vista","Flip","Rotifer",51,144.238008564462
"483","1696982400","Rio Vista","Flip","Rotifer",20,77.6666199962488
"484","1695859200","Rio Vista","Scrub","Calanoid_other",1,52.8344353715978
"485","1694649600","Rio Vista","Scrub","Cladocera",12.5,151.899001693344
"486","1695859200","Rio Vista","Scrub","Cladocera",8,124.160923123255
"487","1694649600","Rio Vista","Scrub","Copepod nauplii",105,277.380785700888
"488","1695859200","Rio Vista","Scrub","Copepod nauplii",71,187.562245569172
"489","1696982400","Rio Vista","Scrub","Copepod nauplii",47,124.160923123255
"490","1694649600","Rio Vista","Scrub","Cyclopoid_other",10,422.675482972782
"491","1695859200","Rio Vista","Scrub","Cyclopoid_other",3,126.802644891835
"492","1696982400","Rio Vista","Scrub","Cyclopoid_other",1,42.2675482972782
"493","1694649600","Rio Vista","Scrub","Gastropod",12.5,0
"494","1695859200","Rio Vista","Scrub","Gastropod",6,0
"495","1696982400","Rio Vista","Scrub","Gastropod",10,0
"496","1694649600","Rio Vista","Scrub","Limnoithona",2.5,2.64172176857989
"497","1695859200","Rio Vista","Scrub","Limnoithona",3,3.17006612229587
"498","1696982400","Rio Vista","Scrub","Limnoithona",3,3.17006612229587
"499","1694649600","Rio Vista","Scrub","Ostracod",15,0
"500","1695859200","Rio Vista","Scrub","Ostracod",8,0
"501","1696982400","Rio Vista","Scrub","Ostracod",2,0
"502","1694649600","Rio Vista","Scrub","Pseudodiaptomus forbesi",27.5,1234.34449636895
"503","1695859200","Rio Vista","Scrub","Pseudodiaptomus forbesi",9,432.978197870244
"504","1696982400","Rio Vista","Scrub","Pseudodiaptomus forbesi",1,70.2697990442251
"505","1694649600","Rio Vista","Scrub","Pseudodiaptomus nauplii",160,422.675482972782
"506","1695859200","Rio Vista","Scrub","Pseudodiaptomus nauplii",72,190.203967337752
"507","1696982400","Rio Vista","Scrub","Pseudodiaptomus nauplii",45,118.877479586095
"508","1694649600","Rio Vista","Scrub","Rotifer",132.5,409.466874129883
"509","1695859200","Rio Vista","Scrub","Rotifer",33,88.7618514242843
"510","1696982400","Rio Vista","Scrub","Rotifer",34,136.841187612438
"511","1694649600","Rio Vista","Outside","Cladocera",6.66666666666667,76.3164066478635
"512","1695859200","Rio Vista","Outside","Cladocera",1.66666666666667,44.0286961429982
"513","1696982400","Rio Vista","Outside","Cladocera",7.5,59.4387397930475
"514","1694649600","Rio Vista","Outside","Copepod nauplii",122.222222222222,322.877105048653
"515","1695859200","Rio Vista","Outside","Copepod nauplii",78.3333333333333,206.934871872091
"516","1696982400","Rio Vista","Outside","Copepod nauplii",84,221.904628560711
"517","1694649600","Rio Vista","Outside","Cyclopoid_other",2.22222222222222,93.9278851050627
"518","1694649600","Rio Vista","Outside","Gastropod",22.2222222222222,0
"519","1695859200","Rio Vista","Outside","Gastropod",11.6666666666667,0
"520","1696982400","Rio Vista","Outside","Gastropod",12,0
"521","1694649600","Rio Vista","Outside","Limnoithona",15.5555555555556,21.7208234305458
"522","1695859200","Rio Vista","Outside","Limnoithona",3.33333333333333,3.52229569143985
"523","1696982400","Rio Vista","Outside","Limnoithona",16.5,28.1343368353758
"524","1694649600","Rio Vista","Outside","Ostracod",6.66666666666667,0
"525","1695859200","Rio Vista","Outside","Ostracod",11.6666666666667,0
"526","1696982400","Rio Vista","Outside","Ostracod",1.5,0
"527","1694649600","Rio Vista","Outside","Pseudodiaptomus forbesi",40,1215.19201354675
"528","1695859200","Rio Vista","Outside","Pseudodiaptomus forbesi",20,674.079337949302
"529","1696982400","Rio Vista","Outside","Pseudodiaptomus forbesi",15,515.532003138365
"530","1694649600","Rio Vista","Outside","Pseudodiaptomus nauplii",186.666666666667,493.121396801579
"531","1695859200","Rio Vista","Outside","Pseudodiaptomus nauplii",200,528.344353715978
"532","1696982400","Rio Vista","Outside","Pseudodiaptomus nauplii",175.5,463.622170385771
"533","1694649600","Rio Vista","Outside","Rotifer",57.7777777777778,152.632813295727
"534","1695859200","Rio Vista","Outside","Rotifer",13.3333333333333,32.5812351458186
"535","1696982400","Rio Vista","Outside","Rotifer",22.5,57.8537067318996
"536","1695772800","Montezuma","Flip","Calanoid_other",10,705.33971221083
"537","1695772800","Montezuma","Flip","Cladocera",5,132.086088428994
"538","1694563200","Montezuma","Flip","Copepod nauplii",3885,10263.0890709329
"539","1695772800","Montezuma","Flip","Copepod nauplii",650,1717.11914957693
"540","1696896000","Montezuma","Flip","Copepod nauplii",2910,7687.41034656748
"541","1696896000","Montezuma","Flip","Cyclopoid_other",30,1268.02644891835
"542","1694563200","Montezuma","Flip","Eurytemora affinis",150,396.258265286983
"543","1695772800","Montezuma","Flip","Eurytemora affinis",115,303.798003386687
"544","1696896000","Montezuma","Flip","Eurytemora affinis",60,158.503306114793
"545","1694563200","Montezuma","Flip","Gastropod",30,0
"546","1696896000","Montezuma","Flip","Gastropod",15,0
"547","1694563200","Montezuma","Flip","Limnoithona",210,257.567872436539
"548","1695772800","Montezuma","Flip","Limnoithona",480,1208.5877091253
"549","1696896000","Montezuma","Flip","Limnoithona",510,1145.18638667938
"550","1695772800","Montezuma","Flip","Ostracod",10,0
"551","1696896000","Montezuma","Flip","Ostracod",15,0
"552","1695772800","Montezuma","Flip","Pseudodiaptomus forbesi",15,455.697005080031
"553","1696896000","Montezuma","Flip","Pseudodiaptomus forbesi",15,455.697005080031
"554","1694563200","Montezuma","Flip","Pseudodiaptomus nauplii",450,1188.77479586095
"555","1695772800","Montezuma","Flip","Pseudodiaptomus nauplii",20,52.8344353715978
"556","1696896000","Montezuma","Flip","Pseudodiaptomus nauplii",285,752.890704045269
"557","1694563200","Montezuma","Flip","Rotifer",195,538.911240790297
"558","1695772800","Montezuma","Flip","Rotifer",80,211.337741486391
"559","1696896000","Montezuma","Flip","Rotifer",510,1299.72711014131
"560","1694563200","Montezuma","Outside","Copepod nauplii",3225,8519.55270367014
"561","1695772800","Montezuma","Outside","Copepod nauplii",1087.5,2872.87242333063
"562","1696896000","Montezuma","Outside","Copepod nauplii",1830,4834.3508365012
"563","1695772800","Montezuma","Outside","Eurytemora affinis",22.5,59.4387397930475
"564","1696896000","Montezuma","Outside","Eurytemora affinis",40,105.668870743196
"565","1696896000","Montezuma","Outside","Gastropod",80,0
"566","1694563200","Montezuma","Outside","Limnoithona",120,162.465888767663
"567","1695772800","Montezuma","Outside","Limnoithona",345,970.832749953109
"568","1696896000","Montezuma","Outside","Limnoithona",470,948.37811492018
"569","1696896000","Montezuma","Outside","Ostracod",10,0
"570","1695772800","Montezuma","Outside","Pseudodiaptomus forbesi",82.5,2506.33352794017
"571","1696896000","Montezuma","Outside","Pseudodiaptomus forbesi",40,1215.19201354675
"572","1694563200","Montezuma","Outside","Pseudodiaptomus nauplii",495,1307.65227544705
"573","1695772800","Montezuma","Outside","Pseudodiaptomus nauplii",82.5,217.942045907841
"574","1696896000","Montezuma","Outside","Pseudodiaptomus nauplii",240,634.013224459174
"575","1694563200","Montezuma","Outside","Rotifer",270,689.489381599351
"576","1695772800","Montezuma","Outside","Rotifer",52.5,138.690392850444
"577","1696896000","Montezuma","Outside","Rotifer",350,924.602619002961
"578","1695772800","Montezuma","Scrub","Calanoid_other",5,352.669856105415
"579","1694563200","Montezuma","Scrub","Copepod nauplii",1360,3592.74160526865
"580","1695772800","Montezuma","Scrub","Copepod nauplii",560,1479.36419040474
"581","1696896000","Montezuma","Scrub","Copepod nauplii",1755,4636.22170385771
"582","1694563200","Montezuma","Scrub","Cyclopoid_other",10,422.675482972782
"583","1696896000","Montezuma","Scrub","Eurytemora affinis",15,39.6258265286983
"584","1694563200","Montezuma","Scrub","Gastropod",10,0
"585","1694563200","Montezuma","Scrub","Limnoithona",320,766.099312888168
"586","1695772800","Montezuma","Scrub","Limnoithona",420,1121.41089076216
"587","1696896000","Montezuma","Scrub","Limnoithona",240,538.911240790297
"588","1694563200","Montezuma","Scrub","Ostracod",20,0
"589","1695772800","Montezuma","Scrub","Ostracod",10,0
"590","1696896000","Montezuma","Scrub","Ostracod",30,0
"591","1696896000","Montezuma","Scrub","Pseudodiaptomus forbesi",30,911.394010160062
"592","1694563200","Montezuma","Scrub","Pseudodiaptomus nauplii",120,317.006612229587
"593","1695772800","Montezuma","Scrub","Pseudodiaptomus nauplii",50,132.086088428994
"594","1696896000","Montezuma","Scrub","Pseudodiaptomus nauplii",240,634.013224459174
"595","1694563200","Montezuma","Scrub","Rotifer",110,290.589394543788
"596","1695772800","Montezuma","Scrub","Rotifer",65,171.711914957693
"597","1696896000","Montezuma","Scrub","Rotifer",675,1711.83570603977
"598","1695772800","Montezuma","Outside","Calanoid_other",5,352.669856105415
"599","1694563200","Montezuma","Outside","Cladocera",15,27.7380785700888
"600","1694563200","Montezuma","Outside","Copepod nauplii",3210,8479.92687714145
"601","1695772800","Montezuma","Outside","Copepod nauplii",915,2417.1754182506
"602","1696896000","Montezuma","Outside","Copepod nauplii",3195,8440.30105061275
"603","1696896000","Montezuma","Outside","Eurytemora affinis",165,435.884091815682
"604","1694563200","Montezuma","Outside","Gastropod",45,0
"605","1694563200","Montezuma","Outside","Limnoithona",285,408.146013245593
"606","1695772800","Montezuma","Outside","Limnoithona",375,966.87016730024
"607","1696896000","Montezuma","Outside","Limnoithona",525,947.05725403589
"608","1695772800","Montezuma","Outside","Ostracod",10,0
"609","1695772800","Montezuma","Outside","Pseudodiaptomus forbesi",5,151.899001693344
"610","1696896000","Montezuma","Outside","Pseudodiaptomus forbesi",45,1367.09101524009
"611","1694563200","Montezuma","Outside","Pseudodiaptomus nauplii",240,634.013224459174
"612","1695772800","Montezuma","Outside","Pseudodiaptomus nauplii",90,237.75495917219
"613","1696896000","Montezuma","Outside","Pseudodiaptomus nauplii",345,911.394010160062
"614","1694563200","Montezuma","Outside","Rotifer",195,515.135744873078
"615","1695772800","Montezuma","Outside","Rotifer",40,97.7437054374559
"616","1696896000","Montezuma","Outside","Rotifer",465,1204.62512647243
"617","1695772800","Montezuma","Flip","Calanoid_other",10,705.33971221083
"618","1694563200","Montezuma","Flip","Copepod nauplii",1950,5151.35744873079
"619","1695772800","Montezuma","Flip","Copepod nauplii",905,2390.7582005648
"620","1696896000","Montezuma","Flip","Copepod nauplii",2840,7502.48982276689
"621","1695772800","Montezuma","Flip","Cyclopoid_other",10,422.675482972782
"622","1694563200","Montezuma","Flip","Eurytemora affinis",15,39.6258265286983
"623","1695772800","Montezuma","Flip","Eurytemora affinis",10,26.4172176857989
"624","1696896000","Montezuma","Flip","Eurytemora affinis",160,422.675482972782
"625","1695772800","Montezuma","Flip","Gastropod",5,0
"626","1694563200","Montezuma","Flip","Limnoithona",382.5,867.805600978494
"627","1695772800","Montezuma","Flip","Limnoithona",345,863.843018325624
"628","1696896000","Montezuma","Flip","Limnoithona",420,729.11520812805
"629","1694563200","Montezuma","Flip","Ostracod",15,0
"630","1695772800","Montezuma","Flip","Ostracod",5,0
"631","1695772800","Montezuma","Flip","Pseudodiaptomus forbesi",5,351.348995221125
"632","1696896000","Montezuma","Flip","Pseudodiaptomus forbesi",20,607.596006773375
"633","1694563200","Montezuma","Flip","Pseudodiaptomus nauplii",150,396.258265286983
"634","1695772800","Montezuma","Flip","Pseudodiaptomus nauplii",55,145.294697271894
"635","1696896000","Montezuma","Flip","Pseudodiaptomus nauplii",440,1162.35757817515
"636","1694563200","Montezuma","Flip","Rotifer",75,198.129132643492
"637","1695772800","Montezuma","Flip","Rotifer",50,132.086088428994
"638","1696896000","Montezuma","Flip","Rotifer",480,1268.02644891835
"639","1694563200","Montezuma","Scrub","Calanoid_other",7.5,529.004784158123
"640","1695772800","Montezuma","Scrub","Cladocera",4,105.668870743196
"641","1694563200","Montezuma","Scrub","Copepod nauplii",2107.5,5567.42862728212
"642","1695772800","Montezuma","Scrub","Copepod nauplii",588,1553.33239992498
"643","1696896000","Montezuma","Scrub","Copepod nauplii",1170,3090.81446923847
"644","1695772800","Montezuma","Scrub","Cyclopoid_other",8,338.140386378226
"645","1694563200","Montezuma","Scrub","Eurytemora affinis",112.5,297.193698965238
"646","1694563200","Montezuma","Scrub","Limnoithona",352.5,925.263049445106
"647","1695772800","Montezuma","Scrub","Limnoithona",308,858.031230434748
"648","1696896000","Montezuma","Scrub","Limnoithona",120,215.960754581406
"649","1694563200","Montezuma","Scrub","Ostracod",15,0
"650","1695772800","Montezuma","Scrub","Ostracod",8,0
"651","1694563200","Montezuma","Scrub","Pseudodiaptomus forbesi",7.5,527.023492831688
"652","1695772800","Montezuma","Scrub","Pseudodiaptomus forbesi",4,121.519201354675
"653","1694563200","Montezuma","Scrub","Pseudodiaptomus nauplii",180,475.50991834438
"654","1695772800","Montezuma","Scrub","Pseudodiaptomus nauplii",36,95.101983668876
"655","1696896000","Montezuma","Scrub","Pseudodiaptomus nauplii",45,118.877479586095
"656","1694563200","Montezuma","Scrub","Rotifer",30,79.2516530573967
"657","1695772800","Montezuma","Scrub","Rotifer",24,63.4013224459174
"658","1696896000","Montezuma","Scrub","Rotifer",952.5,2540.01548048956
"659","1695772800","Montezuma","Outside","Cladocera",6.66666666666667,176.114784571993
"660","1694563200","Montezuma","Outside","Copepod nauplii",1980,5230.60910178818
"661","1695772800","Montezuma","Outside","Copepod nauplii",1060,2800.22507469468
"662","1696896000","Montezuma","Outside","Copepod nauplii",3437.5,9080.91857949337
"663","1696896000","Montezuma","Outside","Cyclopoid_other",12.5,528.344353715978
"664","1694563200","Montezuma","Outside","Eurytemora affinis",20,52.8344353715978
"665","1696896000","Montezuma","Outside","Eurytemora affinis",50,132.086088428994
"666","1694563200","Montezuma","Outside","Limnoithona",330,776.666199962488
"667","1695772800","Montezuma","Outside","Limnoithona",320,813.650304722606
"668","1696896000","Montezuma","Outside","Limnoithona",325,551.459419191052
"669","1695772800","Montezuma","Outside","Ostracod",6.66666666666667,0
"670","1694563200","Montezuma","Outside","Pseudodiaptomus nauplii",140,369.841047601185
"671","1695772800","Montezuma","Outside","Pseudodiaptomus nauplii",46.6666666666667,123.280349200395
"672","1696896000","Montezuma","Outside","Pseudodiaptomus nauplii",175,462.301309501481
"673","1694563200","Montezuma","Outside","Rotifer",160,422.675482972782
"674","1695772800","Montezuma","Outside","Rotifer",26.6666666666667,70.4459138287971
"675","1696896000","Montezuma","Outside","Rotifer",612.5,1578.42875672648
