Site,Cage,Enclosure,Mesh,Pre_FL_cm,Post_FL_cm,PropChange_FL,Pre_Weight_g,Post_Weight_g,PropChange_Weight,Pre_CF,Post_CF,Delta_CF
DWSC,A,A,wrap,6,6.1,0.02,1.59,1.28,-0.19,0.736,0.564,-0.172
DWSC,A,A,wrap,6.3,6.4,0.02,1.1,0.97,-0.12,0.44,0.37,-0.07
DWSC,A,A,wrap,5.6,5.8,0.04,1.2,1.06,-0.12,0.683,0.543,-0.14
DWSC,A,A,wrap,NA,6.1,NA,NA,1.3,NA,NA,0.573,NA
DWSC,A,A,wrap,6.5,6.6,0.02,1.89,1.62,-0.14,0.688,0.563,-0.125
DWSC,A,A,wrap,5.7,5.7,0,1.15,1.14,-0.01,0.621,0.616,-0.005
DWSC,A,A,wrap,5.9,5.9,0,1.13,1.19,0.05,0.55,0.579,0.029
DWSC,A,A,wrap,6.6,6.7,0.02,2.29,2.02,-0.12,0.797,0.672,-0.125
DWSC,A,A,wrap,6.4,6.4,0,1.88,1.63,-0.13,0.717,0.622,-0.095
DWSC,A,A,wrap,5.8,5.8,0,1.38,1.1,-0.2,0.707,0.564,-0.143
DWSC,A,A,wrap,6.7,6.7,0,2.27,2.02,-0.11,0.755,0.672,-0.083
DWSC,A,A,wrap,NA,6.9,NA,NA,1.56,NA,NA,0.475,NA
DWSC,A,A,wrap,6,6,0,1.45,1.25,-0.14,0.671,0.579,-0.092
DWSC,A,A,wrap,6.1,6,-0.02,1.32,1.05,-0.2,0.582,0.486,-0.096
DWSC,A,A,wrap,6.1,6.3,0.03,1.55,1.31,-0.15,0.683,0.524,-0.159
DWSC,A,A,wrap,6,5.8,-0.03,1.31,1.13,-0.14,0.606,0.579,-0.027
DWSC,A,A,wrap,5,5.3,0.06,0.98,0.88,-0.1,0.784,0.591,-0.193
DWSC,A,A,wrap,7.1,7,-0.01,2.5,2.16,-0.14,0.698,0.63,-0.068
DWSC,A,A,wrap,6.2,6.2,0,1.57,1.5,-0.04,0.659,0.629,-0.03
DWSC,A,A,wrap,5.5,5.6,0.02,1.13,0.91,-0.19,0.679,0.518,-0.161
DWSC,A,A,wrap,NA,5.6,NA,NA,0.96,NA,NA,0.547,NA
DWSC,A,A,wrap,6.7,6.6,-0.01,1.96,1.77,-0.1,0.652,0.616,-0.036
DWSC,A,A,wrap,6,6.2,0.03,1.71,1.53,-0.11,0.792,0.642,-0.15
DWSC,A,A,wrap,6.4,6.4,0,1.7,1.41,-0.17,0.648,0.538,-0.11
DWSC,A,A,wrap,6.7,6.9,0.03,1.88,1.66,-0.12,0.625,0.505,-0.12
DWSC,A,A,wrap,6.5,6.4,-0.02,1.49,1.17,-0.21,0.543,0.446,-0.097
DWSC,A,A,wrap,NA,6.1,NA,NA,0.78,NA,NA,0.344,NA
DWSC,A,A,wrap,5.2,5.4,0.04,0.78,0.53,-0.32,0.555,0.337,-0.218
DWSC,A,A,wrap,5.6,5.7,0.02,1.16,0.98,-0.16,0.661,0.529,-0.132
DWSC,A,A,wrap,6,6,0,1.33,1.13,-0.15,0.616,0.523,-0.093
DWSC,A,A,wrap,6.9,7.1,0.03,2.39,2.04,-0.15,0.728,0.57,-0.158
DWSC,A,A,wrap,NA,5.3,NA,NA,0.84,NA,NA,0.564,NA
DWSC,A,A,wrap,6.3,6.1,-0.03,1.45,1.16,-0.2,0.58,0.511,-0.069
DWSC,A,A,wrap,5.5,5.6,0.02,1.15,1.02,-0.11,0.691,0.581,-0.11
DWSC,A,A,wrap,6.1,6.2,0.02,1.47,1.18,-0.2,0.648,0.495,-0.153
DWSC,A,A,wrap,5.5,5.6,0.02,1.01,0.75,-0.26,0.607,0.427,-0.18
DWSC,A,A,wrap,6,6,0,1.55,1.19,-0.23,0.718,0.551,-0.167
DWSC,A,A,wrap,6.2,6.3,0.02,1.56,1.25,-0.2,0.655,0.5,-0.155
DWSC,A,A,wrap,6,6.2,0.03,1.21,0.87,-0.28,0.56,0.365,-0.195
DWSC,A,A,wrap,6,6,0,1.06,0.75,-0.29,0.491,0.347,-0.144
DWSC,A,A,wrap,5,5.2,0.04,0.83,0.7,-0.16,0.664,0.498,-0.166
DWSC,A,A,wrap,6.3,6.3,0,1.62,1.33,-0.18,0.648,0.532,-0.116
DWSC,A,A,wrap,6.4,6.5,0.02,1.8,1.64,-0.09,0.687,0.597,-0.09
DWSC,A,A,wrap,6.3,6.4,0.02,1.74,1.52,-0.13,0.696,0.58,-0.116
DWSC,A,A,wrap,5.8,6,0.03,1.27,0.99,-0.22,0.651,0.458,-0.193
DWSC,A,A,wrap,6.8,6.8,0,2.13,1.85,-0.13,0.677,0.588,-0.089
DWSC,A,A,wrap,5.3,5.5,0.04,1.01,0.96,-0.05,0.678,0.577,-0.101
DWSC,A,A,wrap,7,7.1,0.01,1.92,1.47,-0.23,0.56,0.411,-0.149
DWSC,A,A,wrap,7.5,7.6,0.01,3.09,2.84,-0.08,0.732,0.647,-0.085
DWSC,A,A,wrap,6.8,6.9,0.01,2.55,2.18,-0.15,0.811,0.664,-0.147
DWSC,A,A,wrap,6,6,0,1.2,1.06,-0.12,0.556,0.491,-0.065
DWSC,A,A,wrap,5.9,6.9,0.17,1.31,1.1,-0.16,0.638,0.335,-0.303
DWSC,A,A,wrap,NA,4.9,NA,NA,0.47,NA,NA,0.399,NA
DWSC,A,A,wrap,5.7,5.7,0,1.01,0.77,-0.24,0.545,0.416,-0.129
DWSC,A,A,wrap,5.8,5.9,0.02,1.25,1,-0.2,0.641,0.487,-0.154
DWSC,A,A,wrap,5.9,5.7,-0.03,1.24,1.01,-0.19,0.604,0.545,-0.059
DWSC,A,A,wrap,NA,5.5,NA,NA,0.79,NA,NA,0.475,NA
DWSC,A,A,wrap,5.9,6,0.02,1.44,1.32,-0.08,0.701,0.611,-0.09
DWSC,A,A,wrap,NA,5.9,NA,NA,1.17,NA,NA,0.57,NA
RV,A,A,wrap,5.9,5.8,-0.02,1.32,1.44,0.09,0.643,0.738,0.095
RV,A,A,wrap,5.9,6,0.02,1.45,1.68,0.16,0.706,0.778,0.072
RV,A,A,wrap,6.7,6.9,0.03,1.65,2.05,0.24,0.549,0.624,0.075
RV,A,A,wrap,6.1,6.3,0.03,1.5,1.74,0.16,0.661,0.696,0.035
RV,A,A,wrap,6,5.9,-0.02,1.07,1.34,0.25,0.495,0.652,0.157
RV,A,A,wrap,6.4,6.5,0.02,1.67,2.1,0.26,0.637,0.765,0.128
RV,A,A,wrap,5.8,5.8,0,1.12,1.63,0.46,0.574,0.835,0.261
RV,A,A,wrap,6.1,6.1,0,1.35,1.72,0.27,0.595,0.758,0.163
RV,A,A,wrap,5,5.5,0.1,0.78,1.21,0.55,0.624,0.727,0.103
RV,A,A,wrap,6.3,6.3,0,1.79,2.13,0.19,0.716,0.852,0.136
RV,A,A,wrap,6,6,0,1.21,1.46,0.21,0.56,0.676,0.116
RV,A,A,wrap,6.4,6.5,0.02,1.71,1.8,0.05,0.652,0.655,0.003
RV,A,A,wrap,5.6,5.5,-0.02,0.98,1.2,0.22,0.558,0.721,0.163
RV,A,A,wrap,5.9,5.9,0,1.05,1.49,0.42,0.511,0.725,0.214
RV,A,A,wrap,6.7,6.8,0.01,2.35,2.47,0.05,0.781,0.786,0.005
RV,A,A,wrap,4.7,5,0.06,0.73,0.97,0.33,0.703,0.776,0.073
RV,A,A,wrap,6.1,6.3,0.03,1.35,1.75,0.3,0.595,0.7,0.105
RV,A,A,wrap,6,6.1,0.02,1.29,1.53,0.19,0.597,0.674,0.077
RV,A,A,wrap,5.7,5.8,0.02,1.07,1.26,0.18,0.578,0.646,0.068
RV,A,A,wrap,6.3,6.4,0.02,1.53,1.83,0.2,0.612,0.698,0.086
RV,A,A,wrap,5.6,5.5,-0.02,1.18,1.42,0.2,0.672,0.853,0.181
RV,A,A,wrap,6,5.9,-0.02,1.41,1.61,0.14,0.653,0.784,0.131
RV,A,A,wrap,5.4,5.5,0.02,0.87,1.3,0.49,0.553,0.781,0.228
RV,A,A,wrap,6,6.2,0.03,1.2,1.64,0.37,0.556,0.688,0.132
RV,A,A,wrap,5.9,6,0.02,1.26,1.37,0.09,0.613,0.634,0.021
RV,A,A,wrap,6.9,7,0.01,2.01,2.18,0.08,0.612,0.636,0.024
RV,A,A,wrap,5.5,5.9,0.07,1.1,1.25,0.14,0.661,0.609,-0.052
RV,A,A,wrap,5.9,6.4,0.08,1.36,2,0.47,0.662,0.763,0.101
RV,A,A,wrap,6.9,5.9,-0.14,2.16,2.16,0,0.658,1.052,0.394
RV,A,A,wrap,6,6,0,1.28,1.44,0.12,0.593,0.667,0.074
RV,A,A,wrap,5.5,5.5,0,1.04,1.12,0.08,0.625,0.673,0.048
RV,A,A,wrap,6,6.2,0.03,1.54,1.65,0.07,0.713,0.692,-0.021
RV,A,A,wrap,5.5,5.8,0.05,1.14,1.51,0.32,0.685,0.774,0.089
RV,A,A,wrap,6.4,6.5,0.02,1.68,1.9,0.13,0.641,0.692,0.051
RV,A,A,wrap,5.3,5.5,0.04,1.08,1.25,0.16,0.725,0.751,0.026
RV,A,A,wrap,6,6.2,0.03,1.55,1.72,0.11,0.718,0.722,0.004
RV,A,A,wrap,5.8,5.9,0.02,1.14,1.32,0.16,0.584,0.643,0.059
RV,A,A,wrap,6.7,5.8,-0.13,2.08,2.15,0.03,0.692,1.102,0.41
RV,A,A,wrap,6.1,6.3,0.03,1.31,1.57,0.2,0.577,0.628,0.051
RV,A,A,wrap,5.7,5.9,0.04,1.19,1.21,0.02,0.643,0.589,-0.054
RV,A,A,wrap,5.7,5.9,0.04,1.27,1.49,0.17,0.686,0.725,0.039
RV,A,A,wrap,6.3,6,-0.05,1.67,1.8,0.08,0.668,0.833,0.165
RV,A,A,wrap,6.1,6.3,0.03,1.72,1.85,0.08,0.758,0.74,-0.018
RV,A,A,wrap,6,6.2,0.03,1.64,1.77,0.08,0.759,0.743,-0.016
RV,A,A,wrap,5.5,5.1,-0.07,1.04,1.17,0.12,0.625,0.882,0.257
RV,A,A,wrap,6.4,6.3,-0.02,1.6,1.5,-0.06,0.61,0.6,-0.01
RV,A,A,wrap,6.5,6.6,0.02,1.8,2.02,0.12,0.655,0.703,0.048
RV,A,A,wrap,4.7,5.1,0.09,0.71,1.06,0.49,0.684,0.799,0.115
RV,A,A,wrap,5.7,5.9,0.04,1.23,1.5,0.22,0.664,0.73,0.066
RV,A,A,wrap,5.3,5.5,0.04,0.95,1.15,0.21,0.638,0.691,0.053
RV,A,A,wrap,6.2,6.3,0.02,1.85,2.08,0.12,0.776,0.832,0.056
RV,A,A,wrap,5.3,5.5,0.04,1.04,1.22,0.17,0.699,0.733,0.034
RV,A,A,wrap,5.1,5.3,0.04,1.02,0.86,-0.16,0.769,0.578,-0.191
RV,A,A,wrap,5.4,5.6,0.04,0.87,1.01,0.16,0.553,0.575,0.022
RV,A,A,wrap,6,6,0,1.34,1.54,0.15,0.62,0.713,0.093
RV,A,A,wrap,5.5,NA,NA,1.11,NA,NA,0.667,NA,NA
RV,A,A,wrap,5.4,5.5,0.02,1.12,1.49,0.33,0.711,0.896,0.185
RV,A,A,wrap,NA,6.2,NA,NA,1.72,NA,NA,0.722,NA
RV,A,A,wrap,NA,6,NA,NA,1.48,NA,NA,0.685,NA
RV,A,A,wrap,NA,6.1,NA,NA,1.72,NA,NA,0.758,NA
RV,A,A,wrap,NA,6,NA,NA,1.43,NA,NA,0.662,NA
RV,A,A,wrap,NA,5.4,NA,NA,1.2,NA,NA,0.762,NA
DWSC,B,B,large,6.3,6.2,-0.02,1.82,1.2,-0.34,0.728,0.504,-0.224
DWSC,B,B,large,6.3,6.1,-0.03,1.38,1.01,-0.27,0.552,0.445,-0.107
DWSC,B,B,large,6.1,6,-0.02,1.62,1.44,-0.11,0.714,0.667,-0.047
DWSC,B,B,large,6,6,0,1.29,0.91,-0.29,0.597,0.421,-0.176
DWSC,B,B,large,6.8,6.6,-0.03,2.08,1.8,-0.13,0.662,0.626,-0.036
DWSC,B,B,large,7,6.9,-0.01,2.3,1.86,-0.19,0.671,0.566,-0.105
DWSC,B,B,large,6.2,6.2,0,1.54,1.37,-0.11,0.646,0.575,-0.071
DWSC,B,B,large,6.2,6.2,0,1.64,1.48,-0.1,0.688,0.621,-0.067
DWSC,B,B,large,6.6,6.5,-0.02,2.24,1.33,-0.41,0.779,0.484,-0.295
DWSC,B,B,large,6.5,6.4,-0.02,1.87,1.32,-0.29,0.681,0.504,-0.177
DWSC,B,B,large,6.1,6.2,0.02,1.29,1.11,-0.14,0.568,0.466,-0.102
DWSC,B,B,large,6.2,6.1,-0.02,1.31,0.98,-0.25,0.55,0.432,-0.118
DWSC,B,B,large,6,6.1,0.02,1.38,1.09,-0.21,0.639,0.48,-0.159
DWSC,B,B,large,6.5,6.4,-0.02,1.62,1.34,-0.17,0.59,0.511,-0.079
DWSC,B,B,large,6.2,6.2,0,1.69,1.49,-0.12,0.709,0.625,-0.084
DWSC,B,B,large,6.4,6.5,0.02,1.69,1.41,-0.17,0.645,0.513,-0.132
DWSC,B,B,large,6.3,6.6,0.05,1.29,1.5,0.16,0.516,0.522,0.006
DWSC,B,B,large,5.7,5.7,0,1.17,1.06,-0.09,0.632,0.572,-0.06
DWSC,B,B,large,5.9,5.8,-0.02,1.65,1.57,-0.05,0.803,0.805,0.002
DWSC,B,B,large,7.3,7.2,-0.01,2.49,2.11,-0.15,0.64,0.565,-0.075
DWSC,B,B,large,5.8,6,0.03,1.35,1.19,-0.12,0.692,0.551,-0.141
DWSC,B,B,large,6.3,6.2,-0.02,1.83,1.31,-0.28,0.732,0.55,-0.182
DWSC,B,B,large,5.8,5.7,-0.02,1.28,1.11,-0.13,0.656,0.599,-0.057
DWSC,B,B,large,6.1,6.2,0.02,1.61,1.41,-0.12,0.709,0.592,-0.117
DWSC,B,B,large,6.4,6.5,0.02,2.14,1.88,-0.12,0.816,0.685,-0.131
DWSC,B,B,large,5.7,5.5,-0.04,0.96,0.76,-0.21,0.518,0.457,-0.061
DWSC,B,B,large,6,6.1,0.02,1.35,1.01,-0.25,0.625,0.445,-0.18
DWSC,B,B,large,6.9,5.6,-0.19,2.3,1.68,-0.27,0.7,0.957,0.257
DWSC,B,B,large,6.6,5.6,-0.15,2.04,1.77,-0.13,0.71,1.008,0.298
DWSC,B,B,large,6.4,6.5,0.02,1.59,1.36,-0.14,0.607,0.495,-0.112
DWSC,B,B,large,6.5,6.5,0,1.91,1.63,-0.15,0.695,0.594,-0.101
DWSC,B,B,large,NA,5.1,NA,NA,0.86,NA,NA,0.648,NA
DWSC,B,B,large,6.8,6.5,-0.04,1.67,1.29,-0.23,0.531,0.47,-0.061
DWSC,B,B,large,5.2,5.5,0.06,1.03,0.88,-0.15,0.733,0.529,-0.204
DWSC,B,B,large,6.7,6.7,0,2.19,2.05,-0.06,0.728,0.682,-0.046
DWSC,B,B,large,6.5,6.4,-0.02,1.71,1.36,-0.2,0.623,0.519,-0.104
DWSC,B,B,large,6.1,6.2,0.02,1.55,1.28,-0.17,0.683,0.537,-0.146
DWSC,B,B,large,4.8,5,0.04,0.81,0.66,-0.19,0.732,0.528,-0.204
DWSC,B,B,large,6.4,6.3,-0.02,1.68,0.94,-0.44,0.641,0.376,-0.265
DWSC,B,B,large,5.5,5.7,0.04,1.19,1.04,-0.13,0.715,0.562,-0.153
DWSC,B,B,large,5.4,5.6,0.04,1.07,0.97,-0.09,0.68,0.552,-0.128
DWSC,B,B,large,5.5,5.6,0.02,0.92,0.68,-0.26,0.553,0.387,-0.166
DWSC,B,B,large,NA,6.1,NA,NA,1.16,NA,NA,0.511,NA
DWSC,B,B,large,6.5,6.6,0.02,1,1.7,0.7,0.364,0.591,0.227
DWSC,B,B,large,5.3,5.4,0.02,0.85,0.69,-0.19,0.571,0.438,-0.133
DWSC,B,B,large,7,7.1,0.01,2.78,2.52,-0.09,0.81,0.704,-0.106
DWSC,B,B,large,5.9,6,0.02,1.36,1.06,-0.22,0.662,0.491,-0.171
DWSC,B,B,large,5.8,6,0.03,1.42,1.19,-0.16,0.728,0.551,-0.177
DWSC,B,B,large,6.5,6.7,0.03,1.73,1.43,-0.17,0.63,0.475,-0.155
DWSC,B,B,large,5.9,6.2,0.05,1.36,1,-0.26,0.662,0.42,-0.242
DWSC,B,B,large,7.1,6.9,-0.03,2.1,1.79,-0.15,0.587,0.545,-0.042
DWSC,B,B,large,6.2,6.2,0,1.51,1.13,-0.25,0.634,0.474,-0.16
DWSC,B,B,large,6.2,6.1,-0.02,1.52,1.37,-0.1,0.638,0.604,-0.034
DWSC,B,B,large,6.2,6.3,0.02,1.91,1.96,0.03,0.801,0.784,-0.017
DWSC,B,B,large,NA,5.9,NA,NA,1.22,NA,NA,0.594,NA
DWSC,B,B,large,5.9,6.1,0.03,1.6,1.36,-0.15,0.779,0.599,-0.18
RV,B,B,large,6.4,6.4,0,1.3,1.54,0.18,0.496,0.587,0.091
RV,B,B,large,5.8,6.3,0.09,1.44,1.8,0.25,0.738,0.72,-0.018
RV,B,B,large,6.3,6.8,0.08,1.69,1.77,0.05,0.676,0.563,-0.113
RV,B,B,large,NA,6.4,NA,NA,1.77,NA,NA,0.675,NA
RV,B,B,large,NA,6.3,NA,NA,1.97,NA,NA,0.788,NA
RV,B,B,large,5.3,5.5,0.04,0.84,1.04,0.24,0.564,0.625,0.061
RV,B,B,large,5.9,6.1,0.03,1.28,1.64,0.28,0.623,0.723,0.1
RV,B,B,large,6.2,6.5,0.05,1.66,2.1,0.27,0.697,0.765,0.068
RV,B,B,large,6.3,6.6,0.05,1.86,2.07,0.11,0.744,0.72,-0.024
RV,B,B,large,6.2,6.3,0.02,1.52,1.67,0.1,0.638,0.668,0.03
RV,B,B,large,5.8,6.1,0.05,1.34,1.62,0.21,0.687,0.714,0.027
RV,B,B,large,NA,6.4,NA,NA,1.89,NA,NA,0.721,NA
RV,B,B,large,5.9,6,0.02,1.12,1.45,0.29,0.545,0.671,0.126
RV,B,B,large,5.3,5.5,0.04,0.95,1.16,0.22,0.638,0.697,0.059
RV,B,B,large,6,6.1,0.02,1.15,1.55,0.35,0.532,0.683,0.151
RV,B,B,large,5.4,5.8,0.07,0.93,1.22,0.31,0.591,0.625,0.034
RV,B,B,large,4.9,5.3,0.08,0.72,0.94,0.31,0.612,0.631,0.019
RV,B,B,large,5.9,6,0.02,1.31,1.58,0.21,0.638,0.731,0.093
RV,B,B,large,5.6,5.9,0.05,1.1,1.38,0.25,0.626,0.672,0.046
RV,B,B,large,7,7,0,2.23,2.43,0.09,0.65,0.708,0.058
RV,B,B,large,6.5,6.8,0.05,1.82,2.02,0.11,0.663,0.642,-0.021
RV,B,B,large,6.1,6.5,0.07,1.48,1.84,0.24,0.652,0.67,0.018
RV,B,B,large,6.1,5.4,-0.11,1.41,1.74,0.23,0.621,1.105,0.484
RV,B,B,large,5.2,5.6,0.08,0.94,1.24,0.32,0.669,0.706,0.037
RV,B,B,large,5.2,5.5,0.06,0.88,1.18,0.34,0.626,0.709,0.083
RV,B,B,large,5.3,5.5,0.04,0.89,1.17,0.31,0.598,0.703,0.105
RV,B,B,large,5.7,6.2,0.09,1.3,1.7,0.31,0.702,0.713,0.011
RV,B,B,large,5.6,5.9,0.05,1.03,1.39,0.35,0.587,0.677,0.09
RV,B,B,large,5.6,6,0.07,1.09,1.49,0.37,0.621,0.69,0.069
RV,B,B,large,5.6,5.7,0.02,1.02,1.19,0.17,0.581,0.643,0.062
RV,B,B,large,5.9,6.2,0.05,1.31,1.59,0.21,0.638,0.667,0.029
RV,B,B,large,5.3,5.6,0.06,1.08,1.22,0.13,0.725,0.695,-0.03
RV,B,B,large,5.9,6.1,0.03,1.2,1.44,0.2,0.584,0.634,0.05
RV,B,B,large,6.3,6.7,0.06,2.12,2.31,0.09,0.848,0.768,-0.08
RV,B,B,large,NA,6.4,NA,NA,1.75,NA,NA,0.668,NA
RV,B,B,large,6.2,6.5,0.05,1.64,1.89,0.15,0.688,0.688,0
RV,B,B,large,5.7,6,0.05,1.08,1.43,0.32,0.583,0.662,0.079
RV,B,B,large,6.3,6.4,0.02,1.58,1.74,0.1,0.632,0.664,0.032
RV,B,B,large,6.6,7,0.06,1.47,2.25,0.53,0.511,0.656,0.145
RV,B,B,large,NA,7.4,NA,NA,2.9,NA,NA,0.716,NA
RV,B,B,large,6.2,6.5,0.05,1.65,2.09,0.27,0.692,0.761,0.069
RV,B,B,large,5.4,5.6,0.04,0.97,1.17,0.21,0.616,0.666,0.05
RV,B,B,large,6.5,6.6,0.02,1.97,2.15,0.09,0.717,0.748,0.031
RV,B,B,large,6.1,6.3,0.03,1.42,1.66,0.17,0.626,0.664,0.038
RV,B,B,large,6,6.3,0.05,1.56,1.65,0.06,0.722,0.66,-0.062
RV,B,B,large,6,6.4,0.07,1.5,1.81,0.21,0.694,0.69,-0.004
RV,B,B,large,6.3,6.4,0.02,1.71,1.9,0.11,0.684,0.725,0.041
RV,B,B,large,6.5,6.7,0.03,2,2.29,0.15,0.728,0.761,0.033
RV,B,B,large,6.3,6.4,0.02,1.54,1.67,0.08,0.616,0.637,0.021
RV,B,B,large,6.5,6.6,0.02,1.94,2.04,0.05,0.706,0.71,0.004
RV,B,B,large,5.7,6,0.05,0.96,1.26,0.31,0.518,0.583,0.065
RV,B,B,large,6,6.4,0.07,1.36,1.73,0.27,0.63,0.66,0.03
RV,B,B,large,NA,6.2,NA,NA,1.46,NA,NA,0.613,NA
RV,B,B,large,4.6,5,0.09,0.62,0.81,0.31,0.637,0.648,0.011
RV,B,B,large,5.6,6,0.07,1.36,1.48,0.09,0.774,0.685,-0.089
RV,B,B,large,6.1,6.2,0.02,1.31,1.55,0.18,0.577,0.65,0.073
RV,B,B,large,5.3,5.6,0.06,0.79,0.98,0.24,0.531,0.558,0.027
RV,B,B,large,5.7,6,0.05,1.18,1.52,0.29,0.637,0.704,0.067
RV,B,B,large,5.3,5.8,0.09,0.94,1.34,0.43,0.631,0.687,0.056
DWSC,B,B,large,6.2,6.4,0.03,1.71,1.48,-0.13,0.717,0.565,-0.152
DWSC,B,B,large,6.8,6.8,0,2.19,1.94,-0.11,0.696,0.617,-0.079
DWSC,B,B,large,6.4,6.5,0.02,1.6,1.2,-0.25,0.61,0.437,-0.173
DWSC,B,B,large,6.2,6.3,0.02,1.54,1.28,-0.17,0.646,0.512,-0.134
RV,B,B,large,5.7,5.9,0.04,1.2,1.4,0.17,0.648,0.682,0.034
RV,B,B,large,5.9,6,0.02,1.11,1.33,0.2,0.54,0.616,0.076
RV,B,B,large,6,6.2,0.03,1.53,1.61,0.05,0.708,0.676,-0.032
RV,B,B,large,6.3,6.4,0.02,1.44,1.71,0.19,0.576,0.652,0.076
RV,B,B,large,5.6,6,0.07,1.09,1.31,0.2,0.621,0.606,-0.015
DWSC,C,C,small,NA,6.1,NA,NA,1.46,NA,NA,0.643,NA
DWSC,C,C,small,6.1,6.4,0.05,1.7,1.86,0.09,0.749,0.71,-0.039
DWSC,C,C,small,6.5,6.3,-0.03,1.88,1.63,-0.13,0.685,0.652,-0.033
DWSC,C,C,small,5.7,5.1,-0.11,0.97,0.68,-0.3,0.524,0.513,-0.011
DWSC,C,C,small,6.7,6.6,-0.01,2.09,1.79,-0.14,0.695,0.623,-0.072
DWSC,C,C,small,NA,4.9,NA,NA,0.63,NA,NA,0.535,NA
DWSC,C,C,small,5.8,5.7,-0.02,0.91,0.69,-0.24,0.466,0.373,-0.093
DWSC,C,C,small,6.5,6.5,0,1.98,1.74,-0.12,0.721,0.634,-0.087
DWSC,C,C,small,5.3,5.3,0,0.84,0.6,-0.29,0.564,0.403,-0.161
DWSC,C,C,small,5.5,5.4,-0.02,1.17,0.97,-0.17,0.703,0.616,-0.087
DWSC,C,C,small,6.2,6,-0.03,1.28,1.01,-0.21,0.537,0.468,-0.069
DWSC,C,C,small,5.7,6,0.05,1.31,1.14,-0.13,0.707,0.528,-0.179
DWSC,C,C,small,6.5,6.8,0.05,1.65,1.34,-0.19,0.601,0.426,-0.175
DWSC,C,C,small,6.5,6.8,0.05,1.73,1.43,-0.17,0.63,0.455,-0.175
DWSC,C,C,small,6.1,6,-0.02,1.23,1.02,-0.17,0.542,0.472,-0.07
DWSC,C,C,small,5.7,5.9,0.04,1.48,1.31,-0.11,0.799,0.638,-0.161
DWSC,C,C,small,5.2,5.2,0,0.75,0.56,-0.25,0.533,0.398,-0.135
DWSC,C,C,small,NA,6.7,NA,NA,1.44,NA,NA,0.479,NA
DWSC,C,C,small,6.4,6.3,-0.02,1.76,1.39,-0.21,0.671,0.556,-0.115
DWSC,C,C,small,5.7,6.5,0.14,1.23,1.55,0.26,0.664,0.564,-0.1
DWSC,C,C,small,6.5,6.4,-0.02,1.83,1.53,-0.16,0.666,0.584,-0.082
DWSC,C,C,small,6.3,6.4,0.02,1.9,1.33,-0.3,0.76,0.507,-0.253
DWSC,C,C,small,6.8,7,0.03,2.23,1.91,-0.14,0.709,0.557,-0.152
DWSC,C,C,small,6.3,6.4,0.02,2.05,1.38,-0.33,0.82,0.526,-0.294
DWSC,C,C,small,6.3,6.3,0,1.45,1.22,-0.16,0.58,0.488,-0.092
DWSC,C,C,small,6,6.2,0.03,1.39,1.1,-0.21,0.644,0.462,-0.182
DWSC,C,C,small,6.3,6.4,0.02,1.26,0.9,-0.29,0.504,0.343,-0.161
DWSC,C,C,small,6.2,6,-0.03,1.83,1.36,-0.26,0.768,0.63,-0.138
DWSC,C,C,small,6.1,6.2,0.02,1.32,1.01,-0.23,0.582,0.424,-0.158
DWSC,C,C,small,6.2,6.2,0,1.37,0.91,-0.34,0.575,0.382,-0.193
DWSC,C,C,small,5.8,5.8,0,1.19,0.97,-0.18,0.61,0.497,-0.113
DWSC,C,C,small,5.2,5.6,0.08,1.13,1.03,-0.09,0.804,0.587,-0.217
DWSC,C,C,small,NA,6.3,NA,NA,1.58,NA,NA,0.632,NA
DWSC,C,C,small,7,7,0,2.49,1.54,-0.38,0.726,0.449,-0.277
DWSC,C,C,small,6,6.2,0.03,1.39,1.05,-0.24,0.644,0.441,-0.203
DWSC,C,C,small,5,5.2,0.04,0.74,0.66,-0.11,0.592,0.469,-0.123
DWSC,C,C,small,6,5.7,-0.05,1.36,1.04,-0.24,0.63,0.562,-0.068
DWSC,C,C,small,5.7,5.7,0,1.23,1.11,-0.1,0.664,0.599,-0.065
DWSC,C,C,small,6.2,6.2,0,1.58,1.35,-0.15,0.663,0.566,-0.097
DWSC,C,C,small,NA,5.9,NA,NA,1.22,NA,NA,0.594,NA
DWSC,C,C,small,6.8,7,0.03,2.29,1.95,-0.15,0.728,0.569,-0.159
DWSC,C,C,small,5.5,5.5,0,1.04,0.81,-0.22,0.625,0.487,-0.138
DWSC,C,C,small,6.2,6.3,0.02,1.76,1.62,-0.08,0.738,0.648,-0.09
DWSC,C,C,small,NA,6.2,NA,NA,1.55,NA,NA,0.65,NA
DWSC,C,C,small,6.2,6.4,0.03,1.63,1.49,-0.09,0.684,0.568,-0.116
DWSC,C,C,small,6.5,6.5,0,2.13,1.91,-0.1,0.776,0.695,-0.081
DWSC,C,C,small,6.1,6,-0.02,1.65,1.29,-0.22,0.727,0.597,-0.13
DWSC,C,C,small,NA,7.4,NA,NA,2.56,NA,NA,0.632,NA
DWSC,C,C,small,7,6.9,-0.01,2.31,2.02,-0.13,0.673,0.615,-0.058
DWSC,C,C,small,5.6,5.5,-0.02,0.86,0.71,-0.17,0.49,0.427,-0.063
DWSC,C,C,small,6.3,6.2,-0.02,1.7,1.49,-0.12,0.68,0.625,-0.055
DWSC,C,C,small,6.8,7,0.03,2.55,2.35,-0.08,0.811,0.685,-0.126
DWSC,C,C,small,6.6,7,0.06,2.25,1.99,-0.12,0.783,0.58,-0.203
RV,C,C,small,5.5,5.8,0.05,1.05,1.46,0.39,0.631,0.748,0.117
RV,C,C,small,6.2,6.2,0,1.53,1.7,0.11,0.642,0.713,0.071
RV,C,C,small,5.4,5.3,-0.02,0.87,1.24,0.43,0.553,0.833,0.28
RV,C,C,small,5.6,5.6,0,1.33,1.31,-0.02,0.757,0.746,-0.011
RV,C,C,small,6.2,6.3,0.02,1.5,1.66,0.11,0.629,0.664,0.035
RV,C,C,small,NA,6.1,NA,NA,1.5,NA,NA,0.661,NA
RV,C,C,small,NA,6.1,NA,NA,1.79,NA,NA,0.789,NA
RV,C,C,small,6.6,6.7,0.02,1.91,2.09,0.09,0.664,0.695,0.031
RV,C,C,small,5.8,6,0.03,1.09,1.23,0.13,0.559,0.569,0.01
RV,C,C,small,5.8,5.9,0.02,1.31,1.4,0.07,0.671,0.682,0.011
RV,C,C,small,5,5,0,0.74,0.83,0.12,0.592,0.664,0.072
RV,C,C,small,6,6,0,1.27,1.53,0.2,0.588,0.708,0.12
RV,C,C,small,6.4,6.6,0.03,2.05,2.25,0.1,0.782,0.783,0.001
RV,C,C,small,5.1,5.5,0.08,0.89,1.12,0.26,0.671,0.673,0.002
RV,C,C,small,6.7,6.1,-0.09,1.95,2.09,0.07,0.648,0.921,0.273
RV,C,C,small,5.1,5.3,0.04,0.91,1.09,0.2,0.686,0.732,0.046
RV,C,C,small,6,5.9,-0.02,1.38,1.54,0.12,0.639,0.75,0.111
RV,C,C,small,5.8,6,0.03,1.33,1.46,0.1,0.682,0.676,-0.006
RV,C,C,small,5.8,5.9,0.02,1.22,1.39,0.14,0.625,0.677,0.052
DWSC,C,C,small,5.6,5.5,-0.02,1.03,0.69,-0.33,0.587,0.415,-0.172
DWSC,C,C,small,6.8,6.9,0.01,NA,1.55,NA,NA,0.472,NA
DWSC,C,C,small,6,6.2,0.03,1.55,1.33,-0.14,0.718,0.558,-0.16
DWSC,C,C,small,6.7,6.7,0,2.01,1.78,-0.11,0.668,0.592,-0.076
DWSC,C,C,small,6,5.7,-0.05,1.35,1.17,-0.13,0.625,0.632,0.007
RV,C,C,small,6.6,6.8,0.03,2.29,2.64,0.15,0.797,0.84,0.043
RV,C,C,small,6.6,6.7,0.02,2.25,2.38,0.06,0.783,0.791,0.008
RV,C,C,small,6.7,6.9,0.03,2.15,2.45,0.14,0.715,0.746,0.031
RV,C,C,small,6,6.2,0.03,1.92,1.95,0.02,0.889,0.818,-0.071
RV,C,C,small,6.2,6.1,-0.02,1.88,1.98,0.05,0.789,0.872,0.083
RV,C,C,small,5.8,6,0.03,1.23,1.4,0.14,0.63,0.648,0.018
RV,C,C,small,6.7,6.8,0.01,2.18,2.34,0.07,0.725,0.744,0.019
RV,C,C,small,6.7,6.7,0,2.05,2.25,0.1,0.682,0.748,0.066
RV,C,C,small,5.8,5.7,-0.02,1.28,1.42,0.11,0.656,0.767,0.111
RV,C,C,small,6,6.1,0.02,1.63,1.66,0.02,0.755,0.731,-0.024
RV,C,C,small,NA,5.4,NA,NA,1.26,NA,NA,0.8,NA
RV,C,C,small,5,5.1,0.02,0.72,0.9,0.25,0.576,0.678,0.102
RV,C,C,small,5.7,5.9,0.04,1.32,1.32,0,0.713,0.643,-0.07
RV,C,C,small,7.1,7.1,0,2.82,2.93,0.04,0.788,0.819,0.031
RV,C,C,small,6.2,6.2,0,1.42,1.36,-0.04,0.596,0.571,-0.025
RV,C,C,small,6.3,6.4,0.02,1.63,1.83,0.12,0.652,0.698,0.046
RV,C,C,small,6.1,6.2,0.02,1.39,1.6,0.15,0.612,0.671,0.059
RV,C,C,small,6.3,6.5,0.03,1.66,1.88,0.13,0.664,0.685,0.021
RV,C,C,small,5.4,5.7,0.06,0.95,1.23,0.29,0.603,0.664,0.061
RV,C,C,small,6.5,6.5,0,1.48,1.67,0.13,0.539,0.608,0.069
RV,C,C,small,5.3,5.4,0.02,0.81,1.04,0.28,0.544,0.66,0.116
RV,C,C,small,6.2,6.6,0.06,2.03,2.23,0.1,0.852,0.776,-0.076
RV,C,C,small,5.7,6,0.05,1.26,1.6,0.27,0.68,0.741,0.061
RV,C,C,small,6.2,6,-0.03,1.79,2.05,0.15,0.751,0.949,0.198
RV,C,C,small,5.9,5.9,0,1.17,1.3,0.11,0.57,0.633,0.063
RV,C,C,small,7,7,0,2.7,2.85,0.06,0.787,0.831,0.044
RV,C,C,small,6.2,6.4,0.03,1.67,1.93,0.16,0.701,0.736,0.035
RV,C,C,small,5.5,5.7,0.04,1.03,1.25,0.21,0.619,0.675,0.056
RV,C,C,small,5.6,5.4,-0.04,1.12,1.15,0.03,0.638,0.73,0.092
RV,C,C,small,5.9,5.9,0,1.24,1.33,0.07,0.604,0.648,0.044
RV,C,C,small,5.2,5.4,0.04,0.95,1.08,0.14,0.676,0.686,0.01
RV,C,C,small,4.7,5,0.06,0.68,0.9,0.32,0.655,0.72,0.065
RV,C,C,small,6,6.2,0.03,1.72,1.86,0.08,0.796,0.78,-0.016
RV,C,C,small,6.5,6.5,0,1.64,1.85,0.13,0.597,0.674,0.077
RV,C,C,small,6.5,6.5,0,2.1,2.11,0,0.765,0.768,0.003
RV,C,C,small,6.7,6.7,0,1.97,2.1,0.07,0.655,0.698,0.043
RV,C,C,small,6,6.1,0.02,1.43,1.63,0.14,0.662,0.718,0.056
RV,C,C,small,5.4,5.4,0,0.95,1.23,0.29,0.603,0.781,0.178
RV,C,C,small,6,6.4,0.07,1.33,1.56,0.17,0.616,0.595,-0.021
RV,C,C,small,5.6,5.8,0.04,1.18,1.36,0.15,0.672,0.697,0.025
RV,C,C,small,5.5,5.8,0.05,1.02,1.25,0.23,0.613,0.641,0.028
RV,C,C,small,5.1,5.4,0.06,0.8,1.12,0.4,0.603,0.711,0.108
RV,C,C,small,6,6.3,0.05,1.61,1.65,0.02,0.745,0.66,-0.085
RV,C,C,small,6,6,0,1.35,1.52,0.13,0.625,0.704,0.079
RV,C,C,small,6.4,6.7,0.05,1.78,1.83,0.03,0.679,0.608,-0.071
DWSC,D,C,small,5.8,5.5,-0.05,1.32,1.08,-0.18,0.677,0.649,-0.028
DWSC,D,C,small,5.4,5.6,0.04,1.02,0.81,-0.21,0.648,0.461,-0.187
DWSC,D,C,small,6.8,7.8,0.15,1.87,1.5,-0.2,0.595,0.316,-0.279
DWSC,D,C,small,6.3,6.2,-0.02,1.43,1.19,-0.17,0.572,0.499,-0.073
DWSC,D,C,small,6,5.8,-0.03,1.32,0.97,-0.27,0.611,0.497,-0.114
DWSC,D,C,small,5.3,5.2,-0.02,1.15,0.89,-0.23,0.772,0.633,-0.139
DWSC,D,C,small,5.6,5.7,0.02,1.13,1.06,-0.06,0.643,0.572,-0.071
DWSC,D,C,small,NA,6.2,NA,NA,1.09,NA,NA,0.457,NA
DWSC,D,C,small,5,5.2,0.04,0.84,0.65,-0.23,0.672,0.462,-0.21
DWSC,D,C,small,6.6,6.6,0,1.88,1.62,-0.14,0.654,0.563,-0.091
DWSC,D,C,small,5.5,5.7,0.04,1.03,0.89,-0.14,0.619,0.481,-0.138
DWSC,D,C,small,6.2,6.4,0.03,1.65,1.39,-0.16,0.692,0.53,-0.162
DWSC,D,C,small,NA,5.6,NA,NA,0.91,NA,NA,0.518,NA
DWSC,D,C,small,6.4,6.4,0,1.76,1.45,-0.18,0.671,0.553,-0.118
DWSC,D,C,small,6.4,6.5,0.02,1.74,0.96,-0.45,0.664,0.35,-0.314
DWSC,D,C,small,6,6.2,0.03,1.42,1.15,-0.19,0.657,0.483,-0.174
DWSC,D,C,small,6.5,6.4,-0.02,1.59,1.15,-0.28,0.579,0.439,-0.14
DWSC,D,C,small,6.3,6.3,0,1.27,0.98,-0.23,0.508,0.392,-0.116
DWSC,D,C,small,5.8,5.8,0,1.21,1.09,-0.1,0.62,0.559,-0.061
DWSC,D,C,small,5.8,6.3,0.09,1.54,1.31,-0.15,0.789,0.524,-0.265
DWSC,D,C,small,NA,6.2,NA,NA,1.12,NA,NA,0.47,NA
DWSC,D,C,small,5.5,5.5,0,0.93,0.79,-0.15,0.559,0.475,-0.084
DWSC,D,C,small,6.3,6.5,0.03,1.68,1.63,-0.03,0.672,0.594,-0.078
DWSC,D,C,small,5.8,6,0.03,1.41,1.29,-0.09,0.723,0.597,-0.126
DWSC,D,C,small,5.6,5.7,0.02,0.9,0.81,-0.1,0.512,0.437,-0.075
DWSC,D,C,small,6.4,6.4,0,1.76,1.53,-0.13,0.671,0.584,-0.087
DWSC,D,C,small,6.3,6.4,0.02,1.87,1.24,-0.34,0.748,0.473,-0.275
DWSC,D,C,small,6.5,6.6,0.02,2.02,1.88,-0.07,0.736,0.654,-0.082
DWSC,D,C,small,6.2,6,-0.03,1.59,1.43,-0.1,0.667,0.662,-0.005
DWSC,D,C,small,5.3,5.5,0.04,0.92,0.81,-0.12,0.618,0.487,-0.131
DWSC,D,C,small,6.6,5.3,-0.2,1.7,1.33,-0.22,0.591,0.893,0.302
DWSC,D,C,small,6.2,6.2,0,1.79,1.68,-0.06,0.751,0.705,-0.046
DWSC,D,C,small,6.3,6.4,0.02,1.83,1.65,-0.1,0.732,0.629,-0.103
DWSC,D,C,small,6.5,6.3,-0.03,1.73,1.44,-0.17,0.63,0.576,-0.054
DWSC,D,C,small,6.8,6.7,-0.01,2.06,1.86,-0.1,0.655,0.618,-0.037
DWSC,D,C,small,6.2,6.7,0.08,1.84,1.61,-0.12,0.772,0.535,-0.237
DWSC,D,C,small,5.4,5.5,0.02,1.1,0.94,-0.15,0.699,0.565,-0.134
DWSC,D,C,small,7,7,0,2.49,2.2,-0.12,0.726,0.641,-0.085
DWSC,D,C,small,6.4,6.7,0.05,1.84,1.61,-0.12,0.702,0.535,-0.167
DWSC,D,C,small,6.5,6.5,0,1.97,1.66,-0.16,0.717,0.604,-0.113
DWSC,D,C,small,6.8,6.4,-0.06,1.98,1.7,-0.14,0.63,0.648,0.018
DWSC,D,C,small,6,6,0,1.21,0.93,-0.23,0.56,0.431,-0.129
DWSC,D,C,small,5,5,0,0.85,0.76,-0.11,0.68,0.608,-0.072
DWSC,D,C,small,6.5,6.5,0,1.69,1.24,-0.27,0.615,0.452,-0.163
DWSC,D,C,small,5.9,6,0.02,1.23,1.01,-0.18,0.599,0.468,-0.131
DWSC,D,C,small,6.4,6.2,-0.03,1.65,1.47,-0.11,0.629,0.617,-0.012
DWSC,D,C,small,6.3,6.5,0.03,1.82,1.55,-0.15,0.728,0.564,-0.164
DWSC,D,C,small,NA,5.5,NA,NA,0.72,NA,NA,0.433,NA
DWSC,D,C,small,5.8,5.6,-0.03,1.25,1.08,-0.14,0.641,0.615,-0.026
DWSC,D,C,small,5.5,5.5,0,0.88,0.66,-0.25,0.529,0.397,-0.132
DWSC,D,C,small,6.5,6.5,0,1.98,1.64,-0.17,0.721,0.597,-0.124
DWSC,D,C,small,5.9,6.1,0.03,1.57,1.54,-0.02,0.764,0.678,-0.086
DWSC,D,C,small,6.3,6.4,0.02,1.54,1.41,-0.08,0.616,0.538,-0.078
DWSC,D,C,small,5.8,6.2,0.07,1.04,0.78,-0.25,0.533,0.327,-0.206
DWSC,D,C,small,6.7,6.7,0,1.99,1.63,-0.18,0.662,0.542,-0.12
DWSC,D,C,small,6.9,7.2,0.04,2.48,2.15,-0.13,0.755,0.576,-0.179
DWSC,D,C,small,NA,6.5,NA,NA,1.69,NA,NA,0.615,NA
DWSC,D,C,small,6.4,6.5,0.02,1.8,1.56,-0.13,0.687,0.568,-0.119
DWSC,D,C,small,6.3,6.4,0.02,1.6,1.28,-0.2,0.64,0.488,-0.152
RV,D,C,small,NA,5.6,NA,NA,1.16,NA,NA,0.661,NA
RV,D,C,small,NA,5.9,NA,NA,1.33,NA,NA,0.648,NA
RV,D,C,small,5.5,5.8,0.05,1.09,1.22,0.12,0.655,0.625,-0.03
RV,D,C,small,6.2,6.3,0.02,2.02,2.26,0.12,0.848,0.904,0.056
RV,D,C,small,6.3,6.5,0.03,1.65,1.72,0.04,0.66,0.626,-0.034
RV,D,C,small,5.6,6,0.07,1.11,1.39,0.25,0.632,0.644,0.012
RV,D,C,small,6.4,6.8,0.06,1.88,2,0.06,0.717,0.636,-0.081
RV,D,C,small,5.8,6.1,0.05,1.12,1.35,0.21,0.574,0.595,0.021
RV,D,C,small,6.3,6.5,0.03,1.4,1.65,0.18,0.56,0.601,0.041
RV,D,C,small,6.3,6.2,-0.02,1.22,1.35,0.11,0.488,0.566,0.078
RV,D,C,small,6.6,6.7,0.02,1.66,1.95,0.17,0.577,0.648,0.071
RV,D,C,small,6.5,6.7,0.03,1.46,1.94,0.33,0.532,0.645,0.113
RV,D,C,small,5.6,6,0.07,1.04,1.3,0.25,0.592,0.602,0.01
RV,D,C,small,5.7,6,0.05,1.27,1.4,0.1,0.686,0.648,-0.038
RV,D,C,small,4.9,4.9,0,0.6,0.71,0.18,0.51,0.603,0.093
RV,D,C,small,6.5,6.6,0.02,1.94,2.03,0.05,0.706,0.706,0
RV,D,C,small,NA,6,NA,NA,1.64,NA,NA,0.759,NA
RV,D,C,small,5.8,6,0.03,1.17,1.34,0.15,0.6,0.62,0.02
RV,D,C,small,5.7,5.9,0.04,1.2,1.38,0.15,0.648,0.672,0.024
RV,D,C,small,6,6.1,0.02,1.43,1.48,0.03,0.662,0.652,-0.01
RV,D,C,small,6.4,6.6,0.03,2.04,2.2,0.08,0.778,0.765,-0.013
RV,D,C,small,5.5,5.6,0.02,0.95,1.15,0.21,0.571,0.655,0.084
RV,D,C,small,6.1,6.4,0.05,1.45,1.72,0.19,0.639,0.656,0.017
RV,D,C,small,5.4,5.5,0.02,0.97,1.03,0.06,0.616,0.619,0.003
RV,D,C,small,6.3,6.4,0.02,1.69,1.86,0.1,0.676,0.71,0.034
RV,D,C,small,6,6.1,0.02,1.12,1.36,0.21,0.519,0.599,0.08
RV,D,C,small,5.2,5.9,0.13,1.1,1.22,0.11,0.782,0.594,-0.188
RV,D,C,small,5.4,5.8,0.07,0.98,1.2,0.22,0.622,0.615,-0.007
RV,D,C,small,5.9,6.1,0.03,1.1,1.36,0.24,0.536,0.599,0.063
RV,D,C,small,6.5,6.5,0,1.85,2.04,0.1,0.674,0.743,0.069
RV,D,C,small,6,6.3,0.05,1.63,1.84,0.13,0.755,0.736,-0.019
RV,D,C,small,6,6,0,1.28,1.38,0.08,0.593,0.639,0.046
RV,D,C,small,5.5,5.9,0.07,1.18,1.33,0.13,0.709,0.648,-0.061
RV,D,C,small,6.3,6.6,0.05,1.86,2.11,0.13,0.744,0.734,-0.01
RV,D,C,small,6.1,6.2,0.02,1.31,1.47,0.12,0.577,0.617,0.04
RV,D,C,small,6.2,6.2,0,1.85,2.01,0.09,0.776,0.843,0.067
RV,D,C,small,6.8,7,0.03,2.2,2.37,0.08,0.7,0.691,-0.009
RV,D,C,small,6,5.8,-0.03,1.33,1.47,0.11,0.616,0.753,0.137
RV,D,C,small,6.1,6.4,0.05,1.76,1.82,0.03,0.775,0.694,-0.081
RV,D,C,small,5.6,6.1,0.09,1.15,1.41,0.23,0.655,0.621,-0.034
RV,D,C,small,NA,5.3,NA,NA,0.92,NA,NA,0.618,NA
RV,D,C,small,NA,6.6,NA,NA,2.11,NA,NA,0.734,NA
RV,D,C,small,6.4,6.5,0.02,1.83,1.92,0.05,0.698,0.699,0.001
RV,D,C,small,6.3,6.5,0.03,1.96,2.15,0.1,0.784,0.783,-0.001
RV,D,C,small,5.7,5.8,0.02,0.9,1.06,0.18,0.486,0.543,0.057
RV,D,C,small,5.2,6,0.15,1.29,1.51,0.17,0.917,0.699,-0.218
RV,D,C,small,6,6.1,0.02,1.58,1.7,0.08,0.731,0.749,0.018
RV,D,C,small,6,6.2,0.03,1.44,1.56,0.08,0.667,0.655,-0.012
RV,D,C,small,5.3,5.8,0.09,0.96,1.27,0.32,0.645,0.651,0.006
RV,D,C,small,6.6,6.8,0.03,2.17,2.27,0.05,0.755,0.722,-0.033
RV,D,C,small,NA,5.9,NA,NA,1.41,NA,NA,0.687,NA
RV,D,C,small,5.7,5.9,0.04,1.14,1.28,0.12,0.616,0.623,0.007
DWSC,D,C,small,5.9,6,0.02,1.28,1.41,0.1,0.623,0.653,0.03
RV,D,C,small,6,6.5,0.08,1.47,1.89,0.29,0.681,0.688,0.007
RV,D,C,small,6.3,6.5,0.03,1.76,1.89,0.07,0.704,0.688,-0.016
RV,D,C,small,6.1,6.2,0.02,1.49,1.61,0.08,0.656,0.676,0.02
RV,D,C,small,6.3,6.5,0.03,1.51,1.76,0.17,0.604,0.641,0.037
RV,D,C,small,5.6,5.9,0.05,1.1,1.34,0.22,0.626,0.652,0.026
RV,D,C,small,5.4,5.6,0.04,1.01,1.18,0.17,0.641,0.672,0.031
RV,D,C,small,5.6,5.8,0.04,1.23,1.38,0.12,0.7,0.707,0.007
RV,D,C,small,6,6.4,0.07,1.44,1.64,0.14,0.667,0.626,-0.041
RV,D,C,small,5.9,6.1,0.03,1.25,1.5,0.2,0.609,0.661,0.052
RV,D,C,small,5.5,6,0.09,0.95,1.25,0.32,0.571,0.579,0.008
RV,D,C,small,NA,6.3,NA,NA,1.56,NA,NA,0.624,NA
RV,D,C,small,4.9,5.2,0.06,0.68,0.96,0.41,0.578,0.683,0.105
DWSC,E,A,wrap,5.7,5.6,-0.02,1.16,1.04,-0.1,0.626,0.592,-0.034
DWSC,E,A,wrap,6.4,6.4,0,1.73,1.55,-0.1,0.66,0.591,-0.069
DWSC,E,A,wrap,6.8,6.8,0,2.07,1.77,-0.14,0.658,0.563,-0.095
DWSC,E,A,wrap,6,6.1,0.02,1.67,1.52,-0.09,0.773,0.67,-0.103
DWSC,E,A,wrap,5.5,5.5,0,0.99,0.8,-0.19,0.595,0.481,-0.114
DWSC,E,A,wrap,6.4,6.2,-0.03,1.65,1.38,-0.16,0.629,0.579,-0.05
DWSC,E,A,wrap,6.8,6.7,-0.01,1.87,1.79,-0.04,0.595,0.595,0
DWSC,E,A,wrap,6,6.1,0.02,1.39,1.3,-0.06,0.644,0.573,-0.071
DWSC,E,A,wrap,6.3,6.4,0.02,2.05,1.86,-0.09,0.82,0.71,-0.11
DWSC,E,A,wrap,6.4,6.4,0,1.61,1.37,-0.15,0.614,0.523,-0.091
DWSC,E,A,wrap,6,6.1,0.02,1.25,1.05,-0.16,0.579,0.463,-0.116
DWSC,E,A,wrap,5.8,6,0.03,1.35,1.17,-0.13,0.692,0.542,-0.15
DWSC,E,A,wrap,6.3,6.3,0,1.5,1.28,-0.15,0.6,0.512,-0.088
DWSC,E,A,wrap,6.3,6.2,-0.02,1.76,1.39,-0.21,0.704,0.583,-0.121
DWSC,E,A,wrap,5.3,5.6,0.06,1.1,1.14,0.04,0.739,0.649,-0.09
DWSC,E,A,wrap,5.6,5.5,-0.02,1.11,0.93,-0.16,0.632,0.559,-0.073
DWSC,E,A,wrap,6.5,6.5,0,1.87,1.12,-0.4,0.681,0.408,-0.273
DWSC,E,A,wrap,6.4,6.4,0,1.87,1.53,-0.18,0.713,0.584,-0.129
DWSC,E,A,wrap,NA,6.8,NA,NA,2.16,NA,NA,0.687,NA
DWSC,E,A,wrap,6.1,6.2,0.02,1.64,1.38,-0.16,0.723,0.579,-0.144
DWSC,E,A,wrap,6.5,6.6,0.02,2.11,1.81,-0.14,0.768,0.63,-0.138
DWSC,E,A,wrap,6.3,6.4,0.02,1.73,1.56,-0.1,0.692,0.595,-0.097
DWSC,E,A,wrap,6.4,5.7,-0.11,1.8,0.96,-0.47,0.687,0.518,-0.169
DWSC,E,A,wrap,6.6,5.8,-0.12,1.25,1.11,-0.11,0.435,0.569,0.134
DWSC,E,A,wrap,NA,5.5,NA,NA,1.12,NA,NA,0.673,NA
DWSC,E,A,wrap,6.6,6.5,-0.02,1.7,1.42,-0.16,0.591,0.517,-0.074
DWSC,E,A,wrap,6.7,6.5,-0.03,1.92,1.51,-0.21,0.638,0.55,-0.088
DWSC,E,A,wrap,6.4,6.4,0,1.8,1.55,-0.14,0.687,0.591,-0.096
DWSC,E,A,wrap,6.5,6.6,0.02,2.01,1.81,-0.1,0.732,0.63,-0.102
DWSC,E,A,wrap,5.6,5.8,0.04,1.31,1.23,-0.06,0.746,0.63,-0.116
DWSC,E,A,wrap,6.5,6.5,0,2.11,1.48,-0.3,0.768,0.539,-0.229
DWSC,E,A,wrap,5.7,5.6,-0.02,1.04,0.8,-0.23,0.562,0.456,-0.106
DWSC,E,A,wrap,NA,5.5,NA,NA,1.02,NA,NA,0.613,NA
DWSC,E,A,wrap,6,6,0,1.19,0.89,-0.25,0.551,0.412,-0.139
DWSC,E,A,wrap,6,6.2,0.03,1.26,1.04,-0.17,0.583,0.436,-0.147
DWSC,E,A,wrap,6.4,6.5,0.02,1.91,1.88,-0.02,0.729,0.685,-0.044
DWSC,E,A,wrap,6,6,0,1.31,1.27,-0.03,0.606,0.588,-0.018
DWSC,E,A,wrap,5.6,5.6,0,1.14,0.94,-0.18,0.649,0.535,-0.114
DWSC,E,A,wrap,5.7,5.7,0,1.09,0.83,-0.24,0.589,0.448,-0.141
DWSC,E,A,wrap,6.6,6.5,-0.02,1.76,1.55,-0.12,0.612,0.564,-0.048
DWSC,E,A,wrap,6.5,6.4,-0.02,1.98,1.86,-0.06,0.721,0.71,-0.011
DWSC,E,A,wrap,6.7,6.6,-0.01,1.92,1.56,-0.19,0.638,0.543,-0.095
DWSC,E,A,wrap,5.8,6,0.03,1.49,1.47,-0.01,0.764,0.681,-0.083
DWSC,E,A,wrap,5.9,5.8,-0.02,1.22,1,-0.18,0.594,0.513,-0.081
DWSC,E,A,wrap,5.9,5.7,-0.03,1.36,1.24,-0.09,0.662,0.67,0.008
DWSC,E,A,wrap,5.8,5.9,0.02,1.14,0.91,-0.2,0.584,0.443,-0.141
DWSC,E,A,wrap,6.2,6.1,-0.02,1.47,1.18,-0.2,0.617,0.52,-0.097
DWSC,E,A,wrap,5.4,5.4,0,1.04,0.9,-0.13,0.66,0.572,-0.088
RV,E,A,wrap,4.9,5,0.02,0.9,0.96,0.07,0.765,0.768,0.003
RV,E,A,wrap,5.6,5.7,0.02,1.23,1.33,0.08,0.7,0.718,0.018
RV,E,A,wrap,6.4,6.6,0.03,1.76,1.68,-0.05,0.671,0.584,-0.087
RV,E,A,wrap,6.3,6.2,-0.02,1.66,1.7,0.02,0.664,0.713,0.049
RV,E,A,wrap,5.9,6.1,0.03,1.08,1.25,0.16,0.526,0.551,0.025
RV,E,A,wrap,6.5,6.1,-0.06,2.06,2.08,0.01,0.75,0.916,0.166
RV,E,A,wrap,6.3,6.1,-0.03,1.6,1.64,0.02,0.64,0.723,0.083
RV,E,A,wrap,6.2,5.9,-0.05,1.46,1.49,0.02,0.613,0.725,0.112
RV,E,A,wrap,4.9,5,0.02,0.65,0.87,0.34,0.552,0.696,0.144
RV,E,A,wrap,5.8,6.1,0.05,1.45,1.61,0.11,0.743,0.709,-0.034
RV,E,A,wrap,6.2,6.3,0.02,1.36,1.45,0.07,0.571,0.58,0.009
RV,E,A,wrap,6.3,6.5,0.03,1.76,1.91,0.09,0.704,0.695,-0.009
RV,E,A,wrap,5.6,5.6,0,1.2,1.35,0.13,0.683,0.769,0.086
RV,E,A,wrap,NA,5.5,NA,NA,1,NA,NA,0.601,NA
RV,E,A,wrap,5.4,5.8,0.07,0.9,1.16,0.29,0.572,0.595,0.023
RV,E,A,wrap,5.2,5.3,0.02,0.95,1.02,0.07,0.676,0.685,0.009
RV,E,A,wrap,6.4,6.3,-0.02,1.6,1.91,0.19,0.61,0.764,0.154
RV,E,A,wrap,6.3,6.2,-0.02,1.69,1.76,0.04,0.676,0.738,0.062
RV,E,A,wrap,5.3,5.5,0.04,0.92,1.07,0.16,0.618,0.643,0.025
RV,E,A,wrap,5.6,5.8,0.04,1.12,1.3,0.16,0.638,0.666,0.028
DWSC,E,A,wrap,5.9,5.9,0,1.1,0.85,-0.23,0.536,0.414,-0.122
DWSC,E,A,wrap,6.3,6.3,0,1.37,1.04,-0.24,0.548,0.416,-0.132
DWSC,E,A,wrap,6.5,6.5,0,1.7,1.43,-0.16,0.619,0.521,-0.098
DWSC,E,A,wrap,6.5,6.5,0,1.87,1.67,-0.11,0.681,0.608,-0.073
DWSC,E,A,wrap,6,6,0,1.66,1.49,-0.1,0.769,0.69,-0.079
DWSC,E,A,wrap,6.5,6.6,0.02,2.14,1.94,-0.09,0.779,0.675,-0.104
DWSC,E,A,wrap,5,5.2,0.04,0.91,0.78,-0.14,0.728,0.555,-0.173
DWSC,E,A,wrap,6.3,6.3,0,1.45,1.21,-0.17,0.58,0.484,-0.096
DWSC,E,A,wrap,5.6,5.7,0.02,0.98,0.75,-0.23,0.558,0.405,-0.153
DWSC,E,A,wrap,6.3,6.3,0,1.75,1.54,-0.12,0.7,0.616,-0.084
DWSC,E,A,wrap,NA,6.6,NA,NA,1.65,NA,NA,0.574,NA
DWSC,E,A,wrap,6.5,6.5,0,1.8,1.39,-0.23,0.655,0.506,-0.149
RV,E,A,wrap,6.8,6.9,0.01,2.58,2.66,0.03,0.821,0.81,-0.011
RV,E,A,wrap,4.9,5.5,0.12,0.85,1.07,0.26,0.722,0.643,-0.079
RV,E,A,wrap,6.3,6.5,0.03,1.57,1.7,0.08,0.628,0.619,-0.009
RV,E,A,wrap,5.7,6.2,0.09,1.28,1.52,0.19,0.691,0.638,-0.053
RV,E,A,wrap,6,5.8,-0.03,1.19,1.32,0.11,0.551,0.677,0.126
RV,E,A,wrap,5.5,5.9,0.07,1.06,1.38,0.3,0.637,0.672,0.035
RV,E,A,wrap,5.6,5.8,0.04,1.17,1.37,0.17,0.666,0.702,0.036
RV,E,A,wrap,5.8,5.9,0.02,1.07,1.62,0.51,0.548,0.789,0.241
RV,E,A,wrap,7,7.2,0.03,2.74,2.8,0.02,0.799,0.75,-0.049
RV,E,A,wrap,6.5,6.5,0,2.04,2.26,0.11,0.743,0.823,0.08
RV,E,A,wrap,5.5,5.7,0.04,1.09,1.31,0.2,0.655,0.707,0.052
RV,E,A,wrap,NA,6.2,NA,NA,1.81,NA,NA,0.759,NA
RV,E,A,wrap,6,6.2,0.03,1.8,1.7,-0.06,0.833,0.713,-0.12
RV,E,A,wrap,6.7,6.7,0,2.17,2.29,0.06,0.721,0.761,0.04
RV,E,A,wrap,5,6.1,0.22,0.97,1.58,0.63,0.776,0.696,-0.08
RV,E,A,wrap,5.1,5.5,0.08,0.91,1.15,0.26,0.686,0.691,0.005
RV,E,A,wrap,6.1,6.4,0.05,1.59,1.72,0.08,0.7,0.656,-0.044
RV,E,A,wrap,6.4,6.6,0.03,1.48,1.73,0.17,0.565,0.602,0.037
RV,E,A,wrap,6,6.1,0.02,1.48,1.63,0.1,0.685,0.718,0.033
RV,E,A,wrap,6,5.9,-0.02,1.49,1.7,0.14,0.69,0.828,0.138
RV,E,A,wrap,5.3,5.3,0,0.94,1.1,0.17,0.631,0.739,0.108
RV,E,A,wrap,5.5,5.8,0.05,0.98,1.32,0.35,0.589,0.677,0.088
RV,E,A,wrap,6.1,6.4,0.05,1.63,1.9,0.17,0.718,0.725,0.007
RV,E,A,wrap,6.8,7,0.03,1.92,2.22,0.16,0.611,0.647,0.036
RV,E,A,wrap,5.8,5.8,0,1.21,1.28,0.06,0.62,0.656,0.036
RV,E,A,wrap,5.7,5.6,-0.02,1.24,1.3,0.05,0.67,0.74,0.07
RV,E,A,wrap,5.2,5.5,0.06,0.91,1.1,0.21,0.647,0.661,0.014
RV,E,A,wrap,6,6.8,0.13,1.5,1.42,-0.05,0.694,0.452,-0.242
RV,E,A,wrap,5.3,5.3,0,1.06,1.11,0.05,0.712,0.746,0.034
RV,E,A,wrap,5.7,5.8,0.02,1.44,1.41,-0.02,0.778,0.723,-0.055
RV,E,A,wrap,6.4,6.3,-0.02,2.13,2.22,0.04,0.813,0.888,0.075
RV,E,A,wrap,5.8,5.8,0,1.18,1.28,0.08,0.605,0.656,0.051
RV,E,A,wrap,4.6,4.8,0.04,0.59,0.75,0.27,0.606,0.678,0.072
RV,E,A,wrap,5.4,5.6,0.04,0.91,1.2,0.32,0.578,0.683,0.105
RV,E,A,wrap,5.8,5.7,-0.02,1.32,1.47,0.11,0.677,0.794,0.117
RV,E,A,wrap,5.7,5.7,0,1.1,1.32,0.2,0.594,0.713,0.119
RV,E,A,wrap,5.9,6.2,0.05,1.32,1.68,0.27,0.643,0.705,0.062
RV,E,A,wrap,5.5,5.7,0.04,0.93,1.08,0.16,0.559,0.583,0.024
RV,E,A,wrap,6,6,0,1.15,1.47,0.28,0.532,0.681,0.149
RV,E,A,wrap,5.6,5.9,0.05,1.2,1.42,0.18,0.683,0.691,0.008
RV,E,A,wrap,5,5.4,0.08,0.88,1.05,0.19,0.704,0.667,-0.037
RV,E,A,wrap,5.4,5.4,0,0.88,0.97,0.1,0.559,0.616,0.057
RV,E,A,wrap,5.4,5.6,0.04,1.12,1.23,0.1,0.711,0.7,-0.011
DWSC,F,B,large,6,6,0,1.45,1.22,-0.16,0.671,0.565,-0.106
DWSC,F,B,large,5.5,5.5,0,0.99,0.75,-0.24,0.595,0.451,-0.144
DWSC,F,B,large,6.6,6.5,-0.02,1.91,1.8,-0.06,0.664,0.655,-0.009
DWSC,F,B,large,7.3,7.4,0.01,3.14,2.91,-0.07,0.807,0.718,-0.089
DWSC,F,B,large,6.3,6.2,-0.02,1.48,1.02,-0.31,0.592,0.428,-0.164
DWSC,F,B,large,5.4,5.9,0.09,1.05,0.9,-0.14,0.667,0.438,-0.229
DWSC,F,B,large,4.9,4.7,-0.04,0.49,0.37,-0.24,0.416,0.356,-0.06
DWSC,F,B,large,5.6,5.7,0.02,1.09,0.96,-0.12,0.621,0.518,-0.103
DWSC,F,B,large,6.9,7,0.01,2.51,1.48,-0.41,0.764,0.431,-0.333
DWSC,F,B,large,6.4,6.5,0.02,1.71,1.42,-0.17,0.652,0.517,-0.135
DWSC,F,B,large,5.5,5.5,0,1.19,0.96,-0.19,0.715,0.577,-0.138
DWSC,F,B,large,6.4,6,-0.06,1.66,1.47,-0.11,0.633,0.681,0.048
DWSC,F,B,large,7.1,7,-0.01,2.62,2.12,-0.19,0.732,0.618,-0.114
DWSC,F,B,large,7,7.2,0.03,2.76,1.74,-0.37,0.805,0.466,-0.339
DWSC,F,B,large,6.1,6.2,0.02,1.58,1.44,-0.09,0.696,0.604,-0.092
DWSC,F,B,large,6.5,6.5,0,1.95,1.69,-0.13,0.71,0.615,-0.095
DWSC,F,B,large,NA,6,NA,NA,1.32,NA,NA,0.611,NA
DWSC,F,B,large,6.5,6.5,0,1.53,1.2,-0.22,0.557,0.437,-0.12
DWSC,F,B,large,5.8,6.2,0.07,1.46,1.38,-0.05,0.748,0.579,-0.169
DWSC,F,B,large,7,6.5,-0.07,1.98,1.7,-0.14,0.577,0.619,0.042
DWSC,F,B,large,6,6,0,1.15,1,-0.13,0.532,0.463,-0.069
DWSC,F,B,large,NA,NA,NA,NA,0.59,NA,NA,NA,NA
DWSC,F,B,large,6.5,6.2,-0.05,1.99,1.52,-0.24,0.725,0.638,-0.087
DWSC,F,B,large,6,6,0,1.74,1.67,-0.04,0.806,0.773,-0.033
DWSC,F,B,large,5.9,6,0.02,1.41,1.07,-0.24,0.687,0.495,-0.192
DWSC,F,B,large,6.2,6.3,0.02,1.67,1.42,-0.15,0.701,0.568,-0.133
DWSC,F,B,large,NA,6.3,NA,NA,1.67,NA,NA,0.668,NA
DWSC,F,B,large,NA,6.5,NA,NA,1.52,NA,NA,0.553,NA
DWSC,F,B,large,6,6,0,1.16,0.91,-0.22,0.537,0.421,-0.116
DWSC,F,B,large,7,7,0,2.34,2.15,-0.08,0.682,0.627,-0.055
DWSC,F,B,large,6.3,6.4,0.02,1.4,1.04,-0.26,0.56,0.397,-0.163
DWSC,F,B,large,6.2,6,-0.03,1.54,1.37,-0.11,0.646,0.634,-0.012
DWSC,F,B,large,5.4,4.9,-0.09,1.02,0.84,-0.18,0.648,0.714,0.066
DWSC,F,B,large,6.5,6.5,0,2.01,1.85,-0.08,0.732,0.674,-0.058
DWSC,F,B,large,6,6.2,0.03,1.31,1.05,-0.2,0.606,0.441,-0.165
DWSC,F,B,large,5.8,6,0.03,1.17,0.91,-0.22,0.6,0.421,-0.179
DWSC,F,B,large,5.7,5.8,0.02,1.16,0.83,-0.28,0.626,0.425,-0.201
DWSC,F,B,large,4.8,4.8,0,0.71,0.56,-0.21,0.642,0.506,-0.136
DWSC,F,B,large,6.2,6.1,-0.02,1.62,1.31,-0.19,0.68,0.577,-0.103
DWSC,F,B,large,6.8,7,0.03,2.14,1.91,-0.11,0.681,0.557,-0.124
DWSC,F,B,large,5.8,5.5,-0.05,1.23,1.05,-0.15,0.63,0.631,0.001
DWSC,F,B,large,NA,6,NA,NA,1.33,NA,NA,0.616,NA
DWSC,F,B,large,6,6.2,0.03,1.71,1.51,-0.12,0.792,0.634,-0.158
DWSC,F,B,large,6.5,6.6,0.02,1.77,1.49,-0.16,0.645,0.518,-0.127
DWSC,F,B,large,5.6,5.8,0.04,1.28,1.19,-0.07,0.729,0.61,-0.119
DWSC,F,B,large,6.5,6.9,0.06,1.99,1.74,-0.13,0.725,0.53,-0.195
DWSC,F,B,large,6.5,6,-0.08,1.77,1.39,-0.21,0.645,0.644,-0.001
DWSC,F,B,large,7.3,7.5,0.03,3.31,3.3,-0,0.851,0.782,-0.069
DWSC,F,B,large,6,6,0,1.38,1.36,-0.01,0.639,0.63,-0.009
DWSC,F,B,large,NA,6.5,NA,NA,1.46,NA,NA,0.532,NA
DWSC,F,B,large,5.9,5.8,-0.02,1.44,1.21,-0.16,0.701,0.62,-0.081
DWSC,F,B,large,5.7,5.8,0.02,1.11,0.98,-0.12,0.599,0.502,-0.097
DWSC,F,B,large,6.6,6.7,0.02,1.94,1.46,-0.25,0.675,0.485,-0.19
DWSC,F,B,large,5.6,5.7,0.02,1.05,0.78,-0.26,0.598,0.421,-0.177
DWSC,F,B,large,7,7,0,2.16,1.82,-0.16,0.63,0.531,-0.099
DWSC,F,B,large,6.3,6.7,0.06,1.97,1.85,-0.06,0.788,0.615,-0.173
DWSC,F,B,large,5.3,5.4,0.02,1.05,0.95,-0.1,0.705,0.603,-0.102
DWSC,F,B,large,6.5,6.3,-0.03,1.48,1.19,-0.2,0.539,0.476,-0.063
DWSC,F,B,large,5.9,5.6,-0.05,1.12,0.84,-0.25,0.545,0.478,-0.067
DWSC,F,B,large,NA,6,NA,NA,1.09,NA,NA,0.505,NA
RV,F,B,large,6,6.4,0.07,1.69,1.8,0.07,0.782,0.687,-0.095
RV,F,B,large,6.3,6.5,0.03,1.52,1.76,0.16,0.608,0.641,0.033
RV,F,B,large,6.5,6.5,0,1.92,2.06,0.07,0.699,0.75,0.051
RV,F,B,large,6.4,6.3,-0.02,1.68,2.07,0.23,0.641,0.828,0.187
RV,F,B,large,6.9,7,0.01,2.18,2.27,0.04,0.664,0.662,-0.002
RV,F,B,large,6.8,6.8,0,2.13,2.23,0.05,0.677,0.709,0.032
RV,F,B,large,7.2,7.2,0,2.71,2.79,0.03,0.726,0.747,0.021
RV,F,B,large,6.4,6.8,0.06,2.06,2.25,0.09,0.786,0.716,-0.07
RV,F,B,large,5.9,6,0.02,1.18,1.33,0.13,0.575,0.616,0.041
RV,F,B,large,6.3,6.4,0.02,1.62,1.74,0.07,0.648,0.664,0.016
RV,F,B,large,5.8,5.9,0.02,1.04,1.19,0.14,0.533,0.579,0.046
RV,F,B,large,6.3,6.4,0.02,1.58,1.74,0.1,0.632,0.664,0.032
RV,F,B,large,5.5,5.8,0.05,0.99,1.22,0.23,0.595,0.625,0.03
RV,F,B,large,6.2,6.6,0.06,1.62,1.83,0.13,0.68,0.637,-0.043
RV,F,B,large,6,6.2,0.03,1.29,1.35,0.05,0.597,0.566,-0.031
RV,F,B,large,5.4,5.8,0.07,0.88,1.08,0.23,0.559,0.554,-0.005
RV,F,B,large,6.4,6.4,0,1.77,1.84,0.04,0.675,0.702,0.027
RV,F,B,large,5.6,6,0.07,1.27,1.5,0.18,0.723,0.694,-0.029
RV,F,B,large,5.7,5.9,0.04,1.09,1.14,0.05,0.589,0.555,-0.034
RV,F,B,large,6.2,6.3,0.02,1.36,1.63,0.2,0.571,0.652,0.081
RV,F,B,large,6.1,6.2,0.02,1.34,1.49,0.11,0.59,0.625,0.035
RV,F,B,large,6.5,6.7,0.03,1.85,1.92,0.04,0.674,0.638,-0.036
RV,F,B,large,5.9,6.2,0.05,1.48,1.59,0.07,0.721,0.667,-0.054
RV,F,B,large,5.6,5.8,0.04,1.12,1.27,0.13,0.638,0.651,0.013
RV,F,B,large,6,6.2,0.03,1.45,1.75,0.21,0.671,0.734,0.063
RV,F,B,large,6,6.3,0.05,1.24,1.52,0.23,0.574,0.608,0.034
RV,F,B,large,6.7,7,0.04,2.25,2.59,0.15,0.748,0.755,0.007
RV,F,B,large,5.2,5.7,0.1,0.92,1.11,0.21,0.654,0.599,-0.055
RV,F,B,large,6,6.2,0.03,1.45,1.58,0.09,0.671,0.663,-0.008
RV,F,B,large,6.3,6.3,0,1.66,1.92,0.16,0.664,0.768,0.104
RV,F,B,large,5.4,5.7,0.06,1.02,1.15,0.13,0.648,0.621,-0.027
RV,F,B,large,6.5,6.6,0.02,1.94,2.09,0.08,0.706,0.727,0.021
RV,F,B,large,7,7.1,0.01,2.26,2.61,0.15,0.659,0.729,0.07
RV,F,B,large,5.5,5.8,0.05,1.14,1.21,0.06,0.685,0.62,-0.065
RV,F,B,large,6.7,6.7,0,2.02,2.32,0.15,0.672,0.771,0.099
RV,F,B,large,6.2,6.3,0.02,1.45,1.55,0.07,0.608,0.62,0.012
RV,F,B,large,5.5,5.7,0.04,0.84,1.15,0.37,0.505,0.621,0.116
RV,F,B,large,6.3,6.1,-0.03,1.6,1.71,0.07,0.64,0.753,0.113
RV,F,B,large,5.8,6,0.03,1.4,1.37,-0.02,0.718,0.634,-0.084
RV,F,B,large,5.3,5.5,0.04,0.91,1.05,0.15,0.611,0.631,0.02
RV,F,B,large,6.2,6.4,0.03,1.97,1.99,0.01,0.827,0.759,-0.068
RV,F,B,large,6,6.3,0.05,1.58,1.66,0.05,0.731,0.664,-0.067
RV,F,B,large,6.4,6.8,0.06,1.88,2.02,0.07,0.717,0.642,-0.075
RV,F,B,large,5.9,6.2,0.05,1.52,1.73,0.14,0.74,0.726,-0.014
RV,F,B,large,5.8,5.9,0.02,1.13,1.18,0.04,0.579,0.575,-0.004
RV,F,B,large,5.4,5.8,0.07,0.92,1.23,0.34,0.584,0.63,0.046
RV,F,B,large,NA,6.3,NA,NA,1.6,NA,NA,0.64,NA
RV,F,B,large,6.1,6.3,0.03,1.53,1.69,0.1,0.674,0.676,0.002
RV,F,B,large,6.4,6.4,0,1.73,2.06,0.19,0.66,0.786,0.126
RV,F,B,large,5.7,6,0.05,1.33,1.55,0.17,0.718,0.718,0
RV,F,B,large,6.3,6.4,0.02,1.73,1.83,0.06,0.692,0.698,0.006
RV,F,B,large,5.7,6.1,0.07,1.17,1.43,0.22,0.632,0.63,-0.002
RV,F,B,large,6.5,6.5,0,2,2.18,0.09,0.728,0.794,0.066
RV,F,B,large,NA,5.7,NA,NA,1.27,NA,NA,0.686,NA
RV,F,B,large,NA,6.1,NA,NA,1.53,NA,NA,0.674,NA
RV,F,B,large,NA,6.4,NA,NA,1.23,NA,NA,0.469,NA
