"","SampleDate","Survey","MethodCode","StationCode","SubRegion","SpecificConductance","WaterTemp","Turbidity_NTU","Turbidity_FNU","ForkLength","LifeStage","Latitude","Longitude","SpecialStudy","ReleaseEvent","ReleaseSite","ReleaseMethod","Comments","FishID","ReleaseDate","Site","Type","Mark","LatitudeR","LongitudeR","DaysSinceRelease","Distance","Type2","SiteType","Year","BroodYear","FirstFlush","FFyn"
"1",2021-12-16,"USFWS EDSM","Kodiak Trawl","22-20-RV01","Sacramento River near Rio Vista",671,10.5,19.4,11.39,">58","Adult",38.11429,-121.6875,"FCCL Broodstock","BY2021 1","Rio Vista","Unknown","Fish not measured because transferred to FCCL for broodstock (FCCL determined that fish was marked, bad clip)","Fish 1",2021-12-14,"Rio Vista","Unknown",NA,38.124736,-121.699521,2,5322.62839830817,"Unknown","Unknown Rio Vista",2021,2021,2021-12-18,"No"
"2",2021-12-17,"USFWS EDSM","Kodiak Trawl","22-20-LSR02","Lower Sacramento River",340.8,9.9,30,20.76,"55","Adult",38.07435,-121.7623,"Directed Outflow Project","BY2021 1","Rio Vista","Unknown",NA,"Fish 2",2021-12-14,"Rio Vista","Unknown",NA,38.124736,-121.699521,3,9572.73555690014,"Unknown","Unknown Rio Vista",2021,2021,2021-12-18,"No"
"3",2021-12-17,"USFWS EDSM","Kodiak Trawl","22-20-LSR02","Lower Sacramento River",330.7,9.8,32.2,22.01,">58","Adult",38.07496,-121.76174,"FCCL Broodstock","BY2021 1","Rio Vista","Unknown","Fish not measured because transferred to FCCL for broodstock (FCCL determined that fish was marked, bad clip)","Fish 3",2021-12-14,"Rio Vista","Unknown",NA,38.124736,-121.699521,3,9511.09647576563,"Unknown","Unknown Rio Vista",2021,2021,2021-12-18,"No"
"4",2021-12-17,"USFWS EDSM","Kodiak Trawl","22-20-RV02","Sacramento River near Rio Vista",214,9.4,49.8,34.81,"80","Adult",38.14133,-121.69331,"Directed Outflow Project","BY2021 1","Rio Vista","Unknown",NA,"Fish 4",2021-12-14,"Rio Vista","Unknown",NA,38.124736,-121.699521,3,242.705098312484,"Unknown","Unknown Rio Vista",2021,2021,2021-12-18,"No"
"5",2021-12-17,"USFWS EDSM","Kodiak Trawl","22-20-RV05","Sacramento River near Rio Vista",198.1,9.1,50.6,33.95,"68","Adult",38.15312,-121.68261,"Directed Outflow Project","BY2021 1","Rio Vista","Unknown",NA,"Fish 5",2021-12-14,"Rio Vista","Unknown",NA,38.124736,-121.699521,3,1810.33179125528,"Unknown","Unknown Rio Vista",2021,2021,2021-12-18,"No"
"6",2021-12-17,"USFWS EDSM","Kodiak Trawl","22-20-RV05","Sacramento River near Rio Vista",190.2,9.2,53.9,38.8,"72","Adult",38.14925,-121.68401,"Directed Outflow Project","BY2021 1","Rio Vista","Unknown",NA,"Fish 6",2021-12-14,"Rio Vista","Unknown",NA,38.124736,-121.699521,3,1457.70944953929,"Unknown","Unknown Rio Vista",2021,2021,2021-12-18,"No"
"7",2021-12-17,"USFWS EDSM","Kodiak Trawl","22-20-RV05","Sacramento River near Rio Vista",198.1,9.1,50.6,33.95,"79","Adult",38.15312,-121.68261,"Directed Outflow Project","BY2021 1","Rio Vista","Unknown",NA,"Fish 7",2021-12-14,"Rio Vista","Unknown",NA,38.124736,-121.699521,3,1810.33179125528,"Unknown","Unknown Rio Vista",2021,2021,2021-12-18,"No"
"8",2021-12-17,"USFWS EDSM","Kodiak Trawl","22-20-RV05","Sacramento River near Rio Vista",190.2,9.2,53.9,38.8,"82","Adult",38.14925,-121.68401,"Directed Outflow Project","BY2021 1","Rio Vista","Unknown",NA,"Fish 8",2021-12-14,"Rio Vista","Unknown",NA,38.124736,-121.699521,3,1457.70944953929,"Unknown","Unknown Rio Vista",2021,2021,2021-12-18,"No"
"9",2021-12-21,"USFWS EDSM","Kodiak Trawl","22-21-USSC02","Upper Sacramento River Ship Channel",1113,10.6,15.5,4.52,"54","Adult",38.56289,-121.55355,"Directed Outflow Project","BY2021 1","Rio Vista","Unknown",NA,"Fish 9",2021-12-14,"Rio Vista","Unknown",NA,38.124736,-121.699521,7,51377.8217865897,"Unknown","Unknown Rio Vista",2021,2021,2021-12-18,"No"
"10",2021-12-23,"USFWS EDSM","Kodiak Trawl","22-21-PP02","San Joaquin River at Prisoners Pt",622,9.4,18.4,NA,"53","Adult",38.08627,-121.5771,"Directed Outflow Project","BY2021 1","Rio Vista","Unknown",NA,"Fish 10",2021-12-14,"Rio Vista","Unknown",NA,38.124736,-121.699521,9,17403.3815588767,"Unknown","Unknown Rio Vista",2021,2021,2021-12-18,"No"
"11",2021-12-23,"USFWS EDSM","Kodiak Trawl","22-21-RV02","Sacramento River near Rio Vista",410,8.6,37.6,25.18,"53","Adult",38.10521,-121.69505,"Directed Outflow Project","BY2021 1","Rio Vista","Unknown",NA,"Fish 11",2021-12-14,"Rio Vista","Unknown",NA,38.124736,-121.699521,9,4244.75608143733,"Unknown","Unknown Rio Vista",2021,2021,2021-12-18,"No"
"12",2021-12-23,"USFWS EDSM","Kodiak Trawl","22-21-RV02","Sacramento River near Rio Vista",403,8.5,40.7,26.2,"80","Adult",38.10488,-121.69566,"Directed Outflow Project","BY2021 1","Rio Vista","Unknown",NA,"Fish 12",2021-12-14,"Rio Vista","Unknown",NA,38.124736,-121.699521,9,4183.11700030282,"Unknown","Unknown Rio Vista",2021,2021,2021-12-18,"No"
"13",2021-12-27,"USFWS EDSM","Kodiak Trawl","22-22-LSR01","Lower Sacramento River",541,8.8,38.8,23.7,"76","Adult",38.06459,-121.78625,"Directed Outflow Project","BY2021 1","Rio Vista","Unknown",NA,"Fish 13",2021-12-14,"Rio Vista","Unknown",NA,38.124736,-121.699521,13,11903.3947881839,"Unknown","Unknown Rio Vista",2021,2021,2021-12-18,"No"
"14",2021-12-28,"USFWS EDSM","Kodiak Trawl","22-22-RV02","Sacramento River near Rio Vista",203.2,8.7,50.6,34.31,"50","Adult",38.12139,-121.69715,"Directed Outflow Project","BY2021 1","Rio Vista","Unknown",NA,"Fish 14",2021-12-14,"Rio Vista","Unknown",NA,38.124736,-121.699521,14,2078.11529493745,"Unknown","Unknown Rio Vista",2021,2021,2021-12-18,"No"
"15",2021-12-28,"USFWS EDSM","Kodiak Trawl","22-22-RV03","Sacramento River near Rio Vista",146.8,8.5,57.2,44.09,"74","Adult",38.14871,-121.68438,"Directed Outflow Project","BY2021 1","Rio Vista","Unknown",NA,"Fish 15",2021-12-14,"Rio Vista","Unknown",NA,38.124736,-121.699521,14,1351.64343236131,"Unknown","Unknown Rio Vista",2021,2021,2021-12-18,"No"
"16",2021-12-29,"USFWS Chipps","Midwater Trawl","SB018N","Confluence",426.2,8.9,55.4,NA,"71","Adult",38.047967,-121.909917,"Directed Outflow Project","BY2021 1","Rio Vista","Unknown",NA,"Fish 16",2021-12-14,"Rio Vista","Unknown",NA,38.124736,-121.699521,15,23021.101416235,"Unknown","Unknown Rio Vista",2021,2021,2021-12-18,"No"
"17",2022-01-04,"CDFW Bay Study","Midwater Trawl","760","Sacramento River near Rio Vista",212,8,NA,NA,"77","Adult",38.152333,-121.684833,"NA","BY2021 1","Rio Vista","Unknown","This fish was originally identified as a Longfin Smelt, sent to UCD (Levi Lewis), returned to CDFW Stockton","Fish 17",2021-12-14,"Rio Vista","Unknown",NA,38.124736,-121.699521,21,1659.83883803382,"Unknown","Unknown Rio Vista",2022,2021,2021-12-18,"No"
"18",2022-01-05,"USFWS EDSM","Kodiak Trawl","22-23-RV04","Sacramento River near Rio Vista",214.1,8.1,35.7,19.5,"62","Adult",38.09211,-121.73757,"Directed Outflow Project","NA","NA","NA",NA,"Fish 18",NA,NA,"Wild/unmarked",NA,NA,NA,NA,NA,"Wild/unmarked","Wild/unmarked NA",2022,2021,2021-12-18,"No"
"19",2022-01-12,"USFWS EDSM","Kodiak Trawl","22-24-LSSC03","Lower Sacramento River Ship Channel",227.3,9.6,29.9,NA,"72","Adult",38.27555,-121.66128,"Directed Outflow Project","BY2021 Unk","Unknown","Unknown",NA,"Fish 19",NA,NA,"Unknown",NA,NA,NA,NA,NA,"Unknown","Unknown NA",2022,2021,2021-12-18,"No"
"20",2022-01-12,"USFWS EDSM","Kodiak Trawl","22-24-LSSC03","Lower Sacramento River Ship Channel",232.1,9.7,32.3,NA,"86","Adult",38.27509,-121.66159,"Directed Outflow Project","BY2021 Unk","Unknown","Unknown",NA,"Fish 20",NA,NA,"Unknown",NA,NA,NA,NA,NA,"Unknown","Unknown NA",2022,2021,2021-12-18,"No"
"21",2022-01-16,"TFCF","Salvage","NA","Salvage",NA,9.7,NA,NA,"54","Adult",37.815819,-121.558995,"Directed Outflow Project","BY2021 Unk","Unknown","Unknown","Classified as sub-adult by salvage","Fish 21",NA,NA,"Unknown",NA,NA,NA,NA,NA,"Unknown","Unknown NA",2022,2021,2021-12-18,"No"
"22",2022-01-18,"USFWS EDSM","Kodiak Trawl","22-25-SM02","Suisun Marsh",4239,10.4,37,23.43,"85","Adult",38.17354,-121.94784,"Directed Outflow Project","BY2021 Unk","Unknown","Unknown",NA,"Fish 22",NA,NA,"Unknown",NA,NA,NA,NA,NA,"Unknown","Unknown NA",2022,2021,2021-12-18,"No"
"23",2022-01-24,"USFWS EDSM","Kodiak Trawl","22-26-LSR01","Lower Sacramento River",580,9.8,35,19.78,"65","Adult",38.074,-121.76352,"Directed Outflow Project","BY2021 Unk","Unknown","Unknown",NA,"Fish 23",NA,NA,"Unknown",NA,NA,NA,NA,NA,"Unknown","Unknown NA",2022,2021,2021-12-18,"No"
"24",2022-01-31,"USFWS EDSM","Kodiak Trawl","22-27-LSSC03","Lower Sacramento River Ship Channel",639,9.8,75.1,44.78,"66","Adult",38.41774,-121.6093,"Directed Outflow Project","BY2021 Unk","Unknown","Unknown",NA,"Fish 24",NA,NA,"Unknown",NA,NA,NA,NA,NA,"Unknown","Unknown NA",2022,2021,2021-12-18,"No"
"25",2022-01-31,"USFWS EDSM","Kodiak Trawl","22-27-LSSC03","Lower Sacramento River Ship Channel",639,9.8,75.1,44.78,"70","Adult",38.41774,-121.6093,"Directed Outflow Project","BY2021 Unk","Unknown","Unknown",NA,"Fish 25",NA,NA,"Unknown",NA,NA,NA,NA,NA,"Unknown","Unknown NA",2022,2021,2021-12-18,"No"
"26",2022-02-04,"USFWS EDSM","Kodiak Trawl","22-27-LSJ01","Lower San Joaquin River",692,9.5,32,18.38,"57","Adult",38.02938,-121.74798,"Directed Outflow Project","BY2021 Unk","Unknown","Unknown",NA,"Fish 26",NA,NA,"Unknown",NA,NA,NA,NA,NA,"Unknown","Unknown NA",2022,2021,2021-12-18,"No"
"27",2022-02-07,"USFWS EDSM","Kodiak Trawl","22-28-LSR01","Lower Sacramento River",501,10.1,33.1,20.24,"55","Adult",38.08081,-121.75737,"Directed Outflow Project","BY2021 Unk","Unknown","Unknown",NA,"Fish 27",NA,NA,"Unknown",NA,NA,NA,NA,NA,"Unknown","Unknown NA",2022,2021,2021-12-18,"No"
"28",2022-02-14,"USFWS EDSM","Kodiak Trawl","22-29-SM01","Suisun Marsh",5683,13.1,49.1,28.95,"61","Adult",38.18741,-121.97437,"Directed Outflow Project","BY2021 Unk","Unknown","Unknown",NA,"Fish 28",NA,NA,"Unknown",NA,NA,NA,NA,NA,"Unknown","Unknown NA",2022,2021,2021-12-18,"No"
"29",2022-02-17,"CDFW Bay Study","Otter Trawl","762","Sacramento River near Ryde",181,9.5,NA,NA,"68","Adult",38.175,-121.657,"Directed Outflow Project","BY2021 Unk","Unknown","Unknown","UCD (Bruce Hammock) has the head, CDFW Diet and Condition has the body","Fish 29",NA,NA,"Unknown",NA,NA,NA,NA,NA,"Unknown","Unknown NA",2022,2021,2021-12-18,"No"
"30",2022-02-17,"USFWS Chipps","Midwater Trawl","SB018M","Confluence",2602,11.3,34.1,NA,"86","Adult",38.04598,-121.909917,"Directed Outflow Project","BY2021 Unk","Unknown","Unknown",NA,"Fish 30",NA,NA,"Unknown",NA,NA,NA,NA,NA,"Unknown","Unknown NA",2022,2021,2021-12-18,"No"
"31",2022-02-18,"CDFW SKT","Kodiak Trawl","606","Suisun Marsh",3893,11.8,56.4,NA,"64","Adult",38.17108333,-122.0296389,"Directed Outflow Project","BY2021 Unk","Unknown","Unknown",NA,"Fish 31",NA,NA,"Unknown",NA,NA,NA,NA,NA,"Unknown","Unknown NA",2022,2021,2021-12-18,"No"
"32",2022-02-18,"CDFW SKT","Kodiak Trawl","606","Suisun Marsh",3893,11.8,56.4,NA,"67","Adult",38.17108333,-122.0296389,"Directed Outflow Project","BY2021 Unk","Unknown","Unknown",NA,"Fish 32",NA,NA,"Unknown",NA,NA,NA,NA,NA,"Unknown","Unknown NA",2022,2021,2021-12-18,"No"
"33",2022-02-18,"CDFW SKT","Kodiak Trawl","606","Suisun Marsh",3893,11.8,56.4,NA,"71","Adult",38.17108333,-122.0296389,"Directed Outflow Project","BY2021 Unk","Unknown","Unknown",NA,"Fish 33",NA,NA,"Unknown",NA,NA,NA,NA,NA,"Unknown","Unknown NA",2022,2021,2021-12-18,"No"
"34",2022-02-18,"CDFW SKT","Kodiak Trawl","606","Suisun Marsh",3893,11.8,56.4,NA,"75","Adult",38.17108333,-122.0296389,"Directed Outflow Project","BY2021 Unk","Unknown","Unknown",NA,"Fish 34",NA,NA,"Unknown",NA,NA,NA,NA,NA,"Unknown","Unknown NA",2022,2021,2021-12-18,"No"
"35",2022-02-18,"CDFW SKT","Kodiak Trawl","609","Suisun Marsh",3427,11.2,38.9,NA,"81","Adult",38.16719444,-121.9388611,"Directed Outflow Project","BY2021 Unk","Unknown","Unknown",NA,"Fish 35",NA,NA,"Unknown",NA,NA,NA,NA,NA,"Unknown","Unknown NA",2022,2021,2021-12-18,"No"
"36",2022-02-23,"USFWS EDSM","Kodiak Trawl","22-30-SM03","Suisun Marsh",3003,10.1,45.1,27.09,"65","Adult",38.18601,-121.9296,"Directed Outflow Project","BY2021 Unk","Unknown","Unknown",NA,"Fish 36",NA,NA,"Unknown",NA,NA,NA,NA,NA,"Unknown","Unknown NA",2022,2021,2021-12-18,"No"
"37",2022-02-23,"USFWS EDSM","Kodiak Trawl","22-30-SM03","Suisun Marsh",3131,10.1,25.1,30.85,"77","Adult",38.18648,-121.92977,"Directed Outflow Project","BY2021 Unk","Unknown","Unknown",NA,"Fish 37",NA,NA,"Unknown",NA,NA,NA,NA,NA,"Unknown","Unknown NA",2022,2021,2021-12-18,"No"
"38",2022-02-23,"USFWS EDSM","Kodiak Trawl","22-30-SM03","Suisun Marsh",3003,10.1,45.1,27.09,"78","Adult",38.18601,-121.9296,"Directed Outflow Project","BY2021 Unk","Unknown","Unknown",NA,"Fish 38",NA,NA,"Unknown",NA,NA,NA,NA,NA,"Unknown","Unknown NA",2022,2021,2021-12-18,"No"
"39",2022-02-23,"USFWS EDSM","Kodiak Trawl","22-30-SM03","Suisun Marsh",3131,10.1,25.1,30.85,"81","Adult",38.18648,-121.92977,"Directed Outflow Project","BY2021 Unk","Unknown","Unknown",NA,"Fish 39",NA,NA,"Unknown",NA,NA,NA,NA,NA,"Unknown","Unknown NA",2022,2021,2021-12-18,"No"
"40",2022-02-23,"USFWS EDSM","Kodiak Trawl","22-30-SM03","Suisun Marsh",3131,10.1,25.1,30.85,"86","Adult",38.18648,-121.92977,"Directed Outflow Project","BY2021 Unk","Unknown","Unknown",NA,"Fish 40",NA,NA,"Unknown",NA,NA,NA,NA,NA,"Unknown","Unknown NA",2022,2021,2021-12-18,"No"
"41",2022-02-24,"USFWS EDSM","Kodiak Trawl","22-30-LSSC01","Lower Sacramento River Ship Channel",386.8,11.2,25.6,16.72,"57","Adult",38.34239,-121.64437,"Directed Outflow Project","BY2021 Unk","Unknown","Unknown",NA,"Fish 41",NA,NA,"Unknown",NA,NA,NA,NA,NA,"Unknown","Unknown NA",2022,2021,2021-12-18,"No"
"42",2022-02-24,"USFWS EDSM","Kodiak Trawl","22-30-LSSC01","Lower Sacramento River Ship Channel",396.5,11,30.1,17.68,"66","Adult",38.34318,-121.64418,"Directed Outflow Project","BY2021 Unk","Unknown","Unknown",NA,"Fish 42",NA,NA,"Unknown",NA,NA,NA,NA,NA,"Unknown","Unknown NA",2022,2021,2021-12-18,"No"
"43",2022-02-24,"USFWS EDSM","Kodiak Trawl","22-30-LSSC01","Lower Sacramento River Ship Channel",386.8,11.2,25.6,16.72,"68","Adult",38.34239,-121.64437,"Directed Outflow Project","BY2021 Unk","Unknown","Unknown",NA,"Fish 43",NA,NA,"Unknown",NA,NA,NA,NA,NA,"Unknown","Unknown NA",2022,2021,2021-12-18,"No"
"44",2022-02-24,"USFWS EDSM","Kodiak Trawl","22-30-LSSC01","Lower Sacramento River Ship Channel",386.8,11.2,25.6,16.72,"80","Adult",38.34239,-121.64437,"Directed Outflow Project","BY2021 Unk","Unknown","Unknown",NA,"Fish 44",NA,NA,"Unknown",NA,NA,NA,NA,NA,"Unknown","Unknown NA",2022,2021,2021-12-18,"No"
"45",2022-03-02,"USFWS EDSM","Kodiak Trawl","22-31-LSSC01","Lower Sacramento River Ship Channel",602,11.8,91.3,42.6,"66","Adult",38.38862,-121.62302,"Directed Outflow Project","BY2021 Unk","Unknown","Unknown",NA,"Fish 45",NA,NA,"Unknown",NA,NA,NA,NA,NA,"Unknown","Unknown NA",2022,2021,2021-12-18,"No"
"46",2022-03-02,"USFWS EDSM","Kodiak Trawl","22-31-LSSC01","Lower Sacramento River Ship Channel",597,11.9,83.4,43.11,"71","Adult",38.38561,-121.62474,"Directed Outflow Project","BY2021 Unk","Unknown","Unknown",NA,"Fish 46",NA,NA,"Unknown",NA,NA,NA,NA,NA,"Unknown","Unknown NA",2022,2021,2021-12-18,"No"
"47",2022-03-02,"USFWS EDSM","Kodiak Trawl","22-31-LSSC02","Lower Sacramento River Ship Channel",695,12.2,96.2,41.72,"76","Adult",38.42282,-121.60663,"Directed Outflow Project","BY2021 Unk","Unknown","Unknown",NA,"Fish 47",NA,NA,"Unknown",NA,NA,NA,NA,NA,"Unknown","Unknown NA",2022,2021,2021-12-18,"No"
"48",2022-03-02,"USFWS EDSM","Kodiak Trawl","22-31-USSC01","Upper Sacramento River Ship Channel",927,11.5,40.6,22,"84","Adult",38.49548,-121.58396,"Directed Outflow Project","BY2021 Unk","Unknown","Unknown",NA,"Fish 48",NA,NA,"Unknown",NA,NA,NA,NA,NA,"Unknown","Unknown NA",2022,2021,2021-12-18,"No"
"49",2022-03-03,"USFWS EDSM","Kodiak Trawl","22-31-SM01","Suisun Marsh",5041,13.7,58.8,41.21,"79","Adult",38.19645,-122.04503,"Directed Outflow Project","BY2021 Unk","Unknown","Unknown",NA,"Fish 49",NA,NA,"Unknown",NA,NA,NA,NA,NA,"Unknown","Unknown NA",2022,2021,2021-12-18,"No"
"50",2022-03-08,"USFWS EDSM","Kodiak Trawl","22-32-LSSC01","Lower Sacramento River Ship Channel",433.9,12.2,27.2,17.61,"53","Adult",38.36135,-121.63593,"Directed Outflow Project","BY2021 Unk","Unknown","Unknown",NA,"Fish 50",NA,NA,"Unknown",NA,NA,NA,NA,NA,"Unknown","Unknown NA",2022,2021,2021-12-18,"No"
"51",2022-03-08,"USFWS EDSM","Kodiak Trawl","22-32-LSSC01","Lower Sacramento River Ship Channel",433.9,12.2,27.2,17.61,"65","Adult",38.36135,-121.63593,"Directed Outflow Project","BY2021 Unk","Unknown","Unknown",NA,"Fish 51",NA,NA,"Unknown",NA,NA,NA,NA,NA,"Unknown","Unknown NA",2022,2021,2021-12-18,"No"
"52",2022-03-08,"USFWS EDSM","Kodiak Trawl","22-32-LSSC01","Lower Sacramento River Ship Channel",433.9,12.2,27.2,17.61,"65","Adult",38.36135,-121.63593,"Directed Outflow Project","BY2021 Unk","Unknown","Unknown",NA,"Fish 52",NA,NA,"Unknown",NA,NA,NA,NA,NA,"Unknown","Unknown NA",2022,2021,2021-12-18,"No"
"53",2022-03-08,"USFWS EDSM","Kodiak Trawl","22-32-LSSC01","Lower Sacramento River Ship Channel",433.9,12.2,27.2,17.61,"67","Adult",38.36135,-121.63593,"Directed Outflow Project","BY2021 Unk","Unknown","Unknown",NA,"Fish 53",NA,NA,"Unknown",NA,NA,NA,NA,NA,"Unknown","Unknown NA",2022,2021,2021-12-18,"No"
"54",2022-03-08,"USFWS EDSM","Kodiak Trawl","22-32-LSSC01","Lower Sacramento River Ship Channel",433.9,12.2,27.2,17.61,"78","Adult",38.36135,-121.63593,"Directed Outflow Project","BY2021 Unk","Unknown","Unknown",NA,"Fish 54",NA,NA,"Unknown",NA,NA,NA,NA,NA,"Unknown","Unknown NA",2022,2021,2021-12-18,"No"
"55",2022-03-11,"USFWS EDSM","Kodiak Trawl","22-32-SM01","Suisun Marsh",2244.8,12.8,30.5,21.9,"68","Adult",38.17485,-121.94928,"Directed Outflow Project","BY2021 Unk","Unknown","Unknown",NA,"Fish 55",NA,NA,"Unknown",NA,NA,NA,NA,NA,"Unknown","Unknown NA",2022,2021,2021-12-18,"No"
"56",2022-03-11,"USFWS EDSM","Kodiak Trawl","22-32-SM03","Suisun Marsh",4392,13.1,30.9,20.4,"82","Adult",38.18124,-121.99375,"Directed Outflow Project","BY2021 Unk","Unknown","Unknown",NA,"Fish 56",NA,NA,"Unknown",NA,NA,NA,NA,NA,"Unknown","Unknown NA",2022,2021,2021-12-18,"No"
"57",2022-03-16,"CDFW SKT","Kodiak Trawl","704","Lower Sacramento River",340,13.2,18.5,NA,"70","Adult",38.06577778,-121.7885278,"Directed Outflow Project","BY2021 Unk","Unknown","Unknown",NA,"Fish 57",NA,NA,"Unknown",NA,NA,NA,NA,NA,"Unknown","Unknown NA",2022,2021,2021-12-18,"No"
"58",2022-03-16,"CDFW SKT","Kodiak Trawl","719","Lower Sacramento River Ship Channel",348,13.7,44.1,NA,"59","Adult",38.3335,-121.647,"Directed Outflow Project","BY2021 Unk","Unknown","Unknown",NA,"Fish 58",NA,NA,"Unknown",NA,NA,NA,NA,NA,"Unknown","Unknown NA",2022,2021,2021-12-18,"No"
"59",2022-03-16,"CDFW SKT","Kodiak Trawl","719","Lower Sacramento River Ship Channel",348,13.7,44.1,NA,"80","Adult",38.3335,-121.647,"Directed Outflow Project","BY2021 Unk","Unknown","Unknown",NA,"Fish 59",NA,NA,"Unknown",NA,NA,NA,NA,NA,"Unknown","Unknown NA",2022,2021,2021-12-18,"No"
"60",2022-03-17,"CDFW SKT","Kodiak Trawl","606","Suisun Marsh",3608,14,67.6,NA,"69","Adult",38.17108333,-122.0296389,"Directed Outflow Project","BY2021 Unk","Unknown","Unknown",NA,"Fish 60",NA,NA,"Unknown",NA,NA,NA,NA,NA,"Unknown","Unknown NA",2022,2021,2021-12-18,"No"
"61",2022-03-17,"CDFW SKT","Kodiak Trawl","606","Suisun Marsh",3608,14,67.6,NA,"70","Adult",38.17108333,-122.0296389,"Directed Outflow Project","BY2021 Unk","Unknown","Unknown",NA,"Fish 61",NA,NA,"Unknown",NA,NA,NA,NA,NA,"Unknown","Unknown NA",2022,2021,2021-12-18,"No"
"62",2022-03-17,"CDFW SKT","Kodiak Trawl","606","Suisun Marsh",3608,14,67.6,NA,"71","Adult",38.17108333,-122.0296389,"Directed Outflow Project","BY2021 Unk","Unknown","Unknown",NA,"Fish 62",NA,NA,"Unknown",NA,NA,NA,NA,NA,"Unknown","Unknown NA",2022,2021,2021-12-18,"No"
"63",2022-03-17,"CDFW SKT","Kodiak Trawl","606","Suisun Marsh",3608,14,67.6,NA,"85","Adult",38.17108333,-122.0296389,"Directed Outflow Project","BY2021 Unk","Unknown","Unknown",NA,"Fish 63",NA,NA,"Unknown",NA,NA,NA,NA,NA,"Unknown","Unknown NA",2022,2021,2021-12-18,"No"
"64",2022-03-17,"CDFW SKT","Kodiak Trawl","609","Suisun Marsh",2163,14.5,56.7,NA,"71","Adult",38.16719444,-121.9388611,"Directed Outflow Project","BY2021 Unk","Unknown","Unknown",NA,"Fish 64",NA,NA,"Unknown",NA,NA,NA,NA,NA,"Unknown","Unknown NA",2022,2021,2021-12-18,"No"
"65",2022-03-17,"CDFW SKT","Kodiak Trawl","609","Suisun Marsh",2163,14.5,56.7,NA,"78","Adult",38.16719444,-121.9388611,"Directed Outflow Project","BY2021 Unk","Unknown","Unknown",NA,"Fish 65",NA,NA,"Unknown",NA,NA,NA,NA,NA,"Unknown","Unknown NA",2022,2021,2021-12-18,"No"
"66",2022-03-17,"CDFW SKT","Kodiak Trawl","609","Suisun Marsh",2163,14.5,56.7,NA,"80","Adult",38.16719444,-121.9388611,"Directed Outflow Project","BY2021 Unk","Unknown","Unknown",NA,"Fish 66",NA,NA,"Unknown",NA,NA,NA,NA,NA,"Unknown","Unknown NA",2022,2021,2021-12-18,"No"
"67",2022-03-17,"CDFW SKT","Kodiak Trawl","609","Suisun Marsh",2163,14.5,56.7,NA,"81","Adult",38.16719444,-121.9388611,"Directed Outflow Project","BY2021 Unk","Unknown","Unknown",NA,"Fish 67",NA,NA,"Unknown",NA,NA,NA,NA,NA,"Unknown","Unknown NA",2022,2021,2021-12-18,"No"
"68",2022-03-17,"USFWS EDSM","Kodiak Trawl","22-33-LSSC01","Lower Sacramento River Ship Channel",618,13.4,65.9,31.71,"61","Adult",38.40742,-121.61433,"Directed Outflow Project","BY2021 Unk","Unknown","Unknown",NA,"Fish 68",NA,NA,"Unknown",NA,NA,NA,NA,NA,"Unknown","Unknown NA",2022,2021,2021-12-18,"No"
"69",2022-03-21,"CDFW 20-mm","20mm Trawl","716","Cache Slough and Liberty Island",205,14.1,4.6,NA,"8","Larva",38.2385,-121.6841944,"NA","NA","NA","NA",NA,"Fish 69",NA,NA,"Wild/unmarked",NA,NA,NA,NA,NA,"Wild/unmarked","Wild/unmarked NA",2022,2022,2022-12-31,"No"
"70",2022-03-21,"CDFW 20-mm","20mm Trawl","716","Cache Slough and Liberty Island",205,14.1,4.6,NA,"9","Larva",38.2385,-121.6841944,"NA","NA","NA","NA",NA,"Fish 70",NA,NA,"Wild/unmarked",NA,NA,NA,NA,NA,"Wild/unmarked","Wild/unmarked NA",2022,2022,2022-12-31,"No"
"71",2022-03-21,"CDFW 20-mm","20mm Trawl","718","Cache Slough and Liberty Island",272,14.1,4.4,NA,"13","Larva",38.25630556,-121.72525,"NA","NA","NA","NA",NA,"Fish 71",NA,NA,"Wild/unmarked",NA,NA,NA,NA,NA,"Wild/unmarked","Wild/unmarked NA",2022,2022,2022-12-31,"No"
"72",2022-03-21,"CDFW 20-mm","20mm Trawl","719","Lower Sacramento River Ship Channel",438,14.5,26.3,NA,"12","Larva",38.33197222,-121.6477222,"NA","NA","NA","NA",NA,"Fish 72",NA,NA,"Wild/unmarked",NA,NA,NA,NA,NA,"Wild/unmarked","Wild/unmarked NA",2022,2022,2022-12-31,"No"
"73",2022-03-21,"CDFW 20-mm","20mm Trawl","719","Lower Sacramento River Ship Channel",438,14.5,26.3,NA,"13","Larva",38.33197222,-121.6477222,"NA","NA","NA","NA",NA,"Fish 73",NA,NA,"Wild/unmarked",NA,NA,NA,NA,NA,"Wild/unmarked","Wild/unmarked NA",2022,2022,2022-12-31,"No"
"74",2022-03-21,"CDFW SLS","Egg and Larva Trawl","815","San Joaquin River at Prisoners Pt",188,16.4,3.7,NA,"10","Larva",38.08622222,-121.5715278,"NA","NA","NA","NA",NA,"Fish 74",NA,NA,"Wild/unmarked",NA,NA,NA,NA,NA,"Wild/unmarked","Wild/unmarked NA",2022,2022,2022-12-31,"No"
"75",2022-03-21,"USFWS EDSM","Kodiak Trawl","22-34-CS03","Cache Slough and Liberty Island",738,14.8,33.8,20.73,"68","Adult",38.37201,-121.63474,"Directed Outflow Project","BY2021 Unk","Unknown","Unknown",NA,"Fish 75",NA,NA,"Unknown",NA,NA,NA,NA,NA,"Unknown","Unknown NA",2022,2021,2021-12-18,"No"
"76",2022-03-22,"USFWS EDSM","Kodiak Trawl","22-34-SM01","Suisun Marsh",4335,15.4,90.4,45.41,"71","Adult",38.17484,-121.96336,"Directed Outflow Project","BY2021 Unk","Unknown","Unknown",NA,"Fish 76",NA,NA,"Unknown",NA,NA,NA,NA,NA,"Unknown","Unknown NA",2022,2021,2021-12-18,"No"
"77",2022-03-23,"CDFW 20-mm","20mm Trawl","711","Sacramento River near Rio Vista",183,15.3,5.7,NA,"9","Larva",38.17733333,-121.6628056,"NA","NA","NA","NA",NA,"Fish 77",NA,NA,"Wild/unmarked",NA,NA,NA,NA,NA,"Wild/unmarked","Wild/unmarked NA",2022,2022,2022-12-31,"No"
"78",2022-03-23,"CDFW 20-mm","20mm Trawl","711","Sacramento River near Rio Vista",183,15.3,5.7,NA,"10","Larva",38.17733333,-121.6628056,"NA","NA","NA","NA",NA,"Fish 78",NA,NA,"Wild/unmarked",NA,NA,NA,NA,NA,"Wild/unmarked","Wild/unmarked NA",2022,2022,2022-12-31,"No"
"79",2022-03-23,"USFWS EDSM","Kodiak Trawl","22-34-LSSC01","Lower Sacramento River Ship Channel",736,14.6,45.2,24.69,"63","Adult",38.45705,-121.59178,"Directed Outflow Project","BY2021 Unk","Unknown","Unknown",NA,"Fish 79",NA,NA,"Unknown",NA,NA,NA,NA,NA,"Unknown","Unknown NA",2022,2021,2021-12-18,"No"
"80",2022-03-23,"USFWS EDSM","Kodiak Trawl","22-34-LSSC02","Lower Sacramento River Ship Channel",577,15,44.1,23.7,"65","Adult",38.41126,-121.61166,"Directed Outflow Project","BY2021 Unk","Unknown","Unknown",NA,"Fish 80",NA,NA,"Unknown",NA,NA,NA,NA,NA,"Unknown","Unknown NA",2022,2021,2021-12-18,"No"
"81",2022-03-23,"USFWS EDSM","Kodiak Trawl","22-34-LSSC02","Lower Sacramento River Ship Channel",602,15,47.6,24.25,"67","Adult",38.41286,-121.6114,"Directed Outflow Project","BY2021 Unk","Unknown","Unknown",NA,"Fish 81",NA,NA,"Unknown",NA,NA,NA,NA,NA,"Unknown","Unknown NA",2022,2021,2021-12-18,"No"
"82",2022-03-23,"USFWS EDSM","Kodiak Trawl","22-34-LSSC02","Lower Sacramento River Ship Channel",602,15,47.6,24.25,"69","Adult",38.41286,-121.6114,"Directed Outflow Project","BY2021 Unk","Unknown","Unknown",NA,"Fish 82",NA,NA,"Unknown",NA,NA,NA,NA,NA,"Unknown","Unknown NA",2022,2021,2021-12-18,"No"
"83",2022-03-23,"USFWS EDSM","Kodiak Trawl","22-34-LSSC02","Lower Sacramento River Ship Channel",602,15,47.6,24.25,"71","Adult",38.41286,-121.6114,"Directed Outflow Project","BY2021 Unk","Unknown","Unknown",NA,"Fish 83",NA,NA,"Unknown",NA,NA,NA,NA,NA,"Unknown","Unknown NA",2022,2021,2021-12-18,"No"
"84",2022-03-23,"USFWS EDSM","Kodiak Trawl","22-34-USSC01","Upper Sacramento River Ship Channel",905,14.5,26.7,15.64,"69","Adult",38.49417,-121.58394,"Directed Outflow Project","BY2021 Unk","Unknown","Unknown",NA,"Fish 84",NA,NA,"Unknown",NA,NA,NA,NA,NA,"Unknown","Unknown NA",2022,2021,2021-12-18,"No"
"85",2022-03-29,"USFWS EDSM","Kodiak Trawl","22-35-SM01","Suisun Marsh",7902,16.5,93.7,43.6,"70","Adult",38.18726,-121.98091,"Directed Outflow Project","BY2021 Unk","Unknown","Unknown",NA,"Fish 85",NA,NA,"Unknown",NA,NA,NA,NA,NA,"Unknown","Unknown NA",2022,2021,2021-12-18,"No"
"86",2022-03-31,"USFWS EDSM","Kodiak Trawl","22-35-LSSC01","Lower Sacramento River Ship Channel",814,15.8,41.9,22.71,"75","Adult",38.4357,-121.60133,"Directed Outflow Project","BY2021 Unk","Unknown","Unknown",NA,"Fish 86",NA,NA,"Unknown",NA,NA,NA,NA,NA,"Unknown","Unknown NA",2022,2021,2021-12-18,"No"
"87",2022-04-05,"CDFW 20-mm","20mm Trawl","902","Holland Cut",314,15.8,7.7,NA,"8","Larva",38.01780556,-121.5821111,"NA","NA","NA","NA",NA,"Fish 87",NA,NA,"Wild/unmarked",NA,NA,NA,NA,NA,"Wild/unmarked","Wild/unmarked NA",2022,2022,2022-12-31,"No"
"88",2022-04-05,"USFWS EDSM","20mm Trawl","22-36-SB04","Confluence",3596,16,119,56.83,"15.7","Larva",38.0501,-121.89558,"Directed Outflow Project","NA","NA","NA",NA,"Fish 88",NA,NA,"Wild/unmarked",NA,NA,NA,NA,NA,"Wild/unmarked","Wild/unmarked NA",2022,2022,2022-12-31,"No"
"89",2022-04-05,"USFWS EDSM","20mm Trawl","22-36-SB05","Confluence",2199,16.3,100,52.43,"8.5","Larva",38.07227,-121.85598,"Directed Outflow Project","NA","NA","NA",NA,"Fish 89",NA,NA,"Wild/unmarked",NA,NA,NA,NA,NA,"Wild/unmarked","Wild/unmarked NA",2022,2022,2022-12-31,"No"
"90",2022-04-05,"USFWS EDSM","20mm Trawl","22-36-SB05","Confluence",2501,16.1,145,61.78,"8.8000000000000007","Larva",38.07192,-121.85605,"Directed Outflow Project","NA","NA","NA",NA,"Fish 90",NA,NA,"Wild/unmarked",NA,NA,NA,NA,NA,"Wild/unmarked","Wild/unmarked NA",2022,2022,2022-12-31,"No"
"91",2022-04-07,"CDFW 20-mm","20mm Trawl","726","Upper Sacramento River",164,18,3.5,NA,"12","Larva",38.28344444,-121.6438611,"NA","NA","NA","NA",NA,"Fish 91",NA,NA,"Wild/unmarked",NA,NA,NA,NA,NA,"Wild/unmarked","Wild/unmarked NA",2022,2022,2022-12-31,"No"
"92",2022-04-13,"CDFW SKT","Kodiak Trawl","719","Lower Sacramento River Ship Channel",421,15.8,13.3,NA,"75","Adult",38.3335,-121.647,"Directed Outflow Project","NA","NA","NA",NA,"Fish 92",NA,NA,"Wild/unmarked",NA,NA,NA,NA,NA,"Wild/unmarked","Wild/unmarked NA",2022,2021,2021-12-18,"No"
"93",2022-04-14,"CDFW SKT","Kodiak Trawl","606","Suisun Marsh",4435,15.3,49.3,NA,"68","Adult",38.17108333,-122.0296389,"Directed Outflow Project","NA","NA","NA",NA,"Fish 93",NA,NA,"Wild/unmarked",NA,NA,NA,NA,NA,"Wild/unmarked","Wild/unmarked NA",2022,2021,2021-12-18,"No"
"94",2022-04-18,"USFWS EDSM","20mm Trawl","22-38-SSC02","Upper Sacramento River Ship Channel",1028,15.7,27.8,15.06,"28","Juvenile",38.50265,-121.58374,"Directed Outflow Project","NA","NA","NA",NA,"Fish 94",NA,NA,"Wild/unmarked",NA,NA,NA,NA,NA,"Wild/unmarked","Wild/unmarked NA",2022,2022,2022-12-31,"No"
"95",2022-04-18,"USFWS EDSM","20mm Trawl","22-38-SSC10","Lower Sacramento River Ship Channel",826,16.1,36.2,19.71,"11.3","Larva",38.44475,-121.59613,"Directed Outflow Project","NA","NA","NA",NA,"Fish 95",NA,NA,"Wild/unmarked",NA,NA,NA,NA,NA,"Wild/unmarked","Wild/unmarked NA",2022,2022,2022-12-31,"No"
"96",2022-04-18,"USFWS EDSM","20mm Trawl","22-38-SSC10","Lower Sacramento River Ship Channel",826,16.1,36.2,19.71,"12.5","Larva",38.44475,-121.59613,"Directed Outflow Project","NA","NA","NA",NA,"Fish 96",NA,NA,"Wild/unmarked",NA,NA,NA,NA,NA,"Wild/unmarked","Wild/unmarked NA",2022,2022,2022-12-31,"No"
"97",2022-04-18,"USFWS EDSM","20mm Trawl","22-38-SSC10","Lower Sacramento River Ship Channel",826,16.1,36.2,19.71,"12.8","Larva",38.44475,-121.59613,"Directed Outflow Project","NA","NA","NA",NA,"Fish 97",NA,NA,"Wild/unmarked",NA,NA,NA,NA,NA,"Wild/unmarked","Wild/unmarked NA",2022,2022,2022-12-31,"No"
"98",2022-04-22,"USFWS EDSM","20mm Trawl","22-38-SSC05","Lower Sacramento River Ship Channel",510,16.3,37.1,18.45,"25.5","Juvenile",38.40225,-121.61625,"Directed Outflow Project","NA","NA","NA",NA,"Fish 98",NA,NA,"Wild/unmarked",NA,NA,NA,NA,NA,"Wild/unmarked","Wild/unmarked NA",2022,2022,2022-12-31,"No"
"99",2022-05-03,"USFWS EDSM","20mm Trawl","22-40-SSC03","Lower Sacramento River Ship Channel",656,16.9,68.4,31.31,"23.7","Juvenile",38.41351,-121.61081,"Directed Outflow Project","NA","NA","NA",NA,"Fish 99",NA,NA,"Wild/unmarked",NA,NA,NA,NA,NA,"Wild/unmarked","Wild/unmarked NA",2022,2022,2022-12-31,"No"
"100",2022-05-03,"USFWS EDSM","20mm Trawl","22-40-SSC03","Lower Sacramento River Ship Channel",656,16.9,68.4,31.31,"25.4","Juvenile",38.41351,-121.61081,"Directed Outflow Project","NA","NA","NA",NA,"Fish 100",NA,NA,"Wild/unmarked",NA,NA,NA,NA,NA,"Wild/unmarked","Wild/unmarked NA",2022,2022,2022-12-31,"No"
"101",2022-05-03,"USFWS EDSM","20mm Trawl","22-40-SSC03","Lower Sacramento River Ship Channel",656,16.9,68.4,31.31,"29.1","Juvenile",38.41351,-121.61081,"Directed Outflow Project","NA","NA","NA",NA,"Fish 101",NA,NA,"Wild/unmarked",NA,NA,NA,NA,NA,"Wild/unmarked","Wild/unmarked NA",2022,2022,2022-12-31,"No"
"102",2022-05-09,"USFWS EDSM","20mm Trawl","22-41-SSC05","Lower Sacramento River Ship Channel",530,17.3,42.2,21.31,"27.5","Juvenile",38.3828,-121.62489,"Directed Outflow Project","NA","NA","NA",NA,"Fish 102",NA,NA,"Wild/unmarked",NA,NA,NA,NA,NA,"Wild/unmarked","Wild/unmarked NA",2022,2022,2022-12-31,"No"
"103",2022-05-09,"USFWS EDSM","20mm Trawl","22-41-SSC09","Upper Sacramento River Ship Channel",1057,17.8,29,19.14,"29","Juvenile",38.5057,-121.58363,"Directed Outflow Project","NA","NA","NA",NA,"Fish 103",NA,NA,"Wild/unmarked",NA,NA,NA,NA,NA,"Wild/unmarked","Wild/unmarked NA",2022,2022,2022-12-31,"No"
"104",2022-05-10,"USFWS EDSM","20mm Trawl","22-41-SSC01","Lower Sacramento River Ship Channel",652,16.9,38,20.55,"28.2","Juvenile",38.3988,-121.61744,"Directed Outflow Project","NA","NA","NA",NA,"Fish 104",NA,NA,"Wild/unmarked",NA,NA,NA,NA,NA,"Wild/unmarked","Wild/unmarked NA",2022,2022,2022-12-31,"No"
"105",2022-05-10,"USFWS EDSM","20mm Trawl","22-41-SSC01","Lower Sacramento River Ship Channel",652,16.9,38,20.55,"29","Juvenile",38.3988,-121.61744,"Directed Outflow Project","NA","NA","NA",NA,"Fish 105",NA,NA,"Wild/unmarked",NA,NA,NA,NA,NA,"Wild/unmarked","Wild/unmarked NA",2022,2022,2022-12-31,"No"
"106",2022-05-10,"USFWS EDSM","20mm Trawl","22-41-SSC01","Lower Sacramento River Ship Channel",652,16.9,38,20.55,"30.1","Juvenile",38.3988,-121.61744,"Directed Outflow Project","NA","NA","NA",NA,"Fish 106",NA,NA,"Wild/unmarked",NA,NA,NA,NA,NA,"Wild/unmarked","Wild/unmarked NA",2022,2022,2022-12-31,"No"
"107",2022-05-10,"USFWS EDSM","20mm Trawl","22-41-SSC01","Lower Sacramento River Ship Channel",652,16.9,38,20.55,"31","Juvenile",38.3988,-121.61744,"Directed Outflow Project","NA","NA","NA",NA,"Fish 107",NA,NA,"Wild/unmarked",NA,NA,NA,NA,NA,"Wild/unmarked","Wild/unmarked NA",2022,2022,2022-12-31,"No"
"108",2022-06-01,"USFWS EDSM","20mm Trawl","22-44-SSC01","Lower Sacramento River Ship Channel",634,20.1,53.1,28.35,"25.5","Juvenile",38.40856,-121.61267,"Directed Outflow Project","NA","NA","NA",NA,"Fish 108",NA,NA,"Wild/unmarked",NA,NA,NA,NA,NA,"Wild/unmarked","Wild/unmarked NA",2022,2022,2022-12-31,"No"
"109",2022-06-06,"USFWS EDSM","20mm Trawl","22-45-SSC05","Lower Sacramento River Ship Channel",486.6,20.5,64.3,37.73,"22.5","Juvenile",38.39191,-121.62019,"Directed Outflow Project","NA","NA","NA",NA,"Fish 109",NA,NA,"Wild/unmarked",NA,NA,NA,NA,NA,"Wild/unmarked","Wild/unmarked NA",2022,2022,2022-12-31,"No"
"110",2022-08-02,"USFWS EDSM","Kodiak Trawl","23-01-LSR05","Lower Sacramento River",2615,21.4,18.4,10.89,"55","Juvenile",38.07666,-121.76902,"Directed Outflow Project","NA","NA","NA",NA,"Fish 110",NA,NA,"Wild/unmarked",NA,NA,NA,NA,NA,"Wild/unmarked","Wild/unmarked NA",2022,2022,2022-12-31,"No"
"111",2022-08-02,"USFWS EDSM","Kodiak Trawl","23-01-LSR06","Lower Sacramento River",860,22.1,28.1,19.93,"57","Juvenile",38.08242,-121.75621,"Directed Outflow Project","NA","NA","NA",NA,"Fish 111",NA,NA,"Wild/unmarked",NA,NA,NA,NA,NA,"Wild/unmarked","Wild/unmarked NA",2022,2022,2022-12-31,"No"
"112",2022-08-10,"USFWS EDSM","Kodiak Trawl","23-02-LSR06","Lower Sacramento River",2748,21.6,33.7,19.49,"47","Juvenile",38.06495,-121.814,"Directed Outflow Project","NA","NA","NA",NA,"Fish 112",NA,NA,"Wild/unmarked",NA,NA,NA,NA,NA,"Wild/unmarked","Wild/unmarked NA",2022,2022,2022-12-31,"No"
"113",2022-08-15,"USFWS EDSM","Kodiak Trawl","23-03-SSC06","Lower Sacramento River Ship Channel",586,23.2,46.5,31.07,"52","Juvenile",38.41783,-121.6097,"Directed Outflow Project","NA","NA","NA",NA,"Fish 113",NA,NA,"Wild/unmarked",NA,NA,NA,NA,NA,"Wild/unmarked","Wild/unmarked NA",2022,2022,2022-12-31,"No"
"114",2022-08-16,"USFWS EDSM","Kodiak Trawl","23-03-SSC01","Lower Sacramento River Ship Channel",536,23.1,47.8,27.09,"63","Adult",38.40542,-121.61551,"Directed Outflow Project","NA","NA","NA",NA,"Fish 114",NA,NA,"Wild/unmarked",NA,NA,NA,NA,NA,"Wild/unmarked","Wild/unmarked NA",2022,2022,2022-12-31,"No"
"115",2022-09-21,"USFWS EDSM","Kodiak Trawl","23-08-SM01","Grizzly Bay",21431,20.2,40.9,15.79,"75","Adult",38.11151,-122.05676,"Directed Outflow Project","NA","NA","NA",NA,"Fish 115",NA,NA,"Wild/unmarked",NA,NA,NA,NA,NA,"Wild/unmarked","Wild/unmarked NA",2022,2022,2022-12-31,"No"
"116",2022-11-03,"USFWS EDSM","Kodiak Trawl","23-14-LSR06","Lower Sacramento River",1957,15.8,16.2,8.57,"55","Juvenile",38.07519,-121.76174,"FCCL Broodstock/Directed Outflow Project","NA","NA","NA","Fish initially transferred to FCCL for potential broodstock. Fish did not survive and was then transferred to UC Davis Aquatic Health Lab for the Directed Outflow Project","Fish 116",NA,NA,"Wild/unmarked",NA,NA,NA,NA,NA,"Wild/unmarked","Wild/unmarked NA",2022,2022,2022-12-31,"No"
"117",2022-11-07,"USFWS EDSM","Kodiak Trawl","23-15-LSR04","Lower Sacramento River",1975,15,43.2,22.66,"62","Adult",38.08159,-121.76124,"FCCL Broodstock/Directed Outflow Project","NA","NA","NA","Fish initially transferred to FCCL for potential broodstock. Fish did not survive and was then transferred to UC Davis Aquatic Health Lab for the Directed Outflow Project","Fish 117",NA,NA,"Wild/unmarked",NA,NA,NA,NA,NA,"Wild/unmarked","Wild/unmarked NA",2022,2022,2022-12-31,"No"
"118",2022-12-14,"FCCL Broodstock","Lampara Net","Sherman Island","San Joaquin River near Stockton",NA,10.1,NA,NA,"60","Adult",38.063022,-121.798127,"FCCL Broodstock","BY2022 1b","Rio Vista","Hard","Fork Length and catch location approximate. Salinity 1.6 ppt. Fish was captured in shallow water by the tules. Weather was sunny, wind and water conditions were calm.","Fish 118",2022-11-30,"Rio Vista","Hard (carboy)","Left/Red/AD",38.124736,-121.699521,14,12899.6227321974,"Hard (carboy)","Hard (carboy) Rio Vista",2022,2022,2022-12-31,"No"
"119",2022-12-14,"FCCL Broodstock","Lampara Net","Sherman Island","San Joaquin River near Stockton",NA,10.1,NA,NA,"60","Adult",38.063022,-121.798127,"FCCL Broodstock","NA","NA","NA","Fork Length and catch location approximate. Salinity 1.6 ppt. Fish was captured in shallow water by the tules. Weather was sunny, wind and water conditions were calm.","Fish 119",NA,NA,"Wild/unmarked",NA,NA,NA,NA,NA,"Wild/unmarked","Wild/unmarked NA",2022,2022,2022-12-31,"No"
"120",2023-01-07,"TFCF","Salvage","NA","Salvage",NA,10.5,NA,NA,"74","Adult",37.815819,-121.558995,"Directed Outflow Project","BY2022 1b","Rio Vista","Hard",NA,"Fish 120",2022-11-30,"Rio Vista","Hard (carboy)","Left/Red/AD",38.124736,-121.699521,38,46745.4547117514,"Hard (carboy)","Hard (carboy) Rio Vista",2023,2022,2022-12-31,"No"
"121",2023-01-17,"USFWS EDSM","Kodiak Trawl","23-25-SD02","Franks Tract",348.8,10.2,32.8,19.28,"71","Adult",38.01951,-121.60623,"FCCL Broodstock/Directed Outflow Project","NA","NA","NA",NA,"Fish 121",NA,NA,"Wild/unmarked",NA,NA,NA,NA,NA,"Wild/unmarked","Wild/unmarked NA",2023,2022,2022-12-31,"No"
"122",2023-01-19,"USFWS Chipps","Midwater Trawl","SB018N","Confluence",150.7,9.7,179,NA,"68","Adult",38.047967,-121.909917,"Directed Outflow Project","BY2022 2a","Rio Vista","Hard",NA,"Fish 122",2023-01-18,"Rio Vista","Hard (carboy)","Right/Orange/PD",38.124736,-121.699521,1,23021.101416235,"Hard (carboy)","Hard (carboy) Rio Vista",2023,2022,2022-12-31,"Yes"
"123",2023-01-24,"USFWS EDSM","Kodiak Trawl","23-26-SB05","Mid Suisun Bay",281,8.6,227,NA,"47","Adult",38.09629,-122.05726,"FCCL Broodstock/Directed Outflow Project","BY2022 2b","Rio Vista","Trailer Release","Assumed to be BY2022 adclipped fish","Fish 123",2023-01-18,"Rio Vista","Hard (trailer)","Ad-clip",38.139752,-121.694706,6,37214.0657813985,"Hard (Large Scale)","Hard (trailer) Rio Vista",2023,2022,2022-12-31,"Yes"
"124",2023-01-26,"USFWS EDSM","Kodiak Trawl","23-26-CS01","Cache Slough and Liberty Island",169.6,8.2,120,NA,"80","Adult",38.23983,-121.68525,"Directed Outflow Project","BY2022 3a","SDWSC","Hard",NA,"Fish 124",2023-01-25,"SDWSC","Hard (carboy)","Left/Orange/AD",38.275563,-121.661374,1,4625.41531272108,"Hard (carboy)","Hard (carboy) SDWSC",2023,2022,2022-12-31,"Yes"
"125",2023-01-27,"USFWS EDSM","Kodiak Trawl","23-26-LSR04","Sacramento River near Rio Vista",155.3,8.4,83.3,NA,"56","Adult",38.10478,-121.69784,"Directed Outflow Project","BY2022 2a","Rio Vista","Hard",NA,"Fish 125",2023-01-18,"Rio Vista","Hard (carboy)","Right/Orange/PD",38.124736,-121.699521,9,4059.83883803382,"Hard (carboy)","Hard (carboy) Rio Vista",2023,2022,2022-12-31,"Yes"
"126",2023-01-30,"USFWS EDSM","Kodiak Trawl","23-27-LSR02","Lower Sacramento River",216.9,8.4,67.5,34.78,"75","Adult",38.07868,-121.75566,"Directed Outflow Project","BY2022 3b","SDWSC","Soft",NA,"Fish 126",2023-01-26,"SDWSC","Soft (carboy)","Right/Green/PD",38.237842,-121.673802,4,20811.5133182253,"Soft (carboy)","Soft (carboy) SDWSC",2023,2022,2022-12-31,"Yes"
"127",2023-01-30,"USFWS EDSM","Kodiak Trawl","23-27-SB02","West Suisun Bay",6716,9.2,53.3,33.66,"65","Adult",38.05226,-122.07847,"Directed Outflow Project","BY2022 2a","Rio Vista","Hard",NA,"Fish 127",2023-01-18,"Rio Vista","Hard (carboy)","Right/Orange/PD",38.124736,-121.699521,12,38154.3829892347,"Hard (carboy)","Hard (carboy) Rio Vista",2023,2022,2022-12-31,"Yes"
"128",2023-01-30,"USFWS EDSM","Kodiak Trawl","23-27-SB03","Mid Suisun Bay",1561,9,108,52.84,"76","Adult",38.09664,-122.05208,"Directed Outflow Project","BY2022 1b","Rio Vista","Hard",NA,"Fish 128",2022-11-30,"Rio Vista","Hard (carboy)","Left/Red/AD",38.124736,-121.699521,61,36764.0657813985,"Hard (carboy)","Hard (carboy) Rio Vista",2023,2022,2022-12-31,"No"
"129",2023-01-31,"USFWS EDSM","Kodiak Trawl","23-27-LSJ06","Lower San Joaquin River",242.7,8.5,47.7,31.44,"73","Adult",38.01974,-121.80606,"FCCL Broodstock/Directed Outflow Project","NA","NA","NA",NA,"Fish 129",NA,NA,"Wild/unmarked",NA,NA,NA,NA,NA,"Wild/unmarked","Wild/unmarked NA",2023,2022,2022-12-31,"No"
"130",2023-01-31,"USFWS EDSM","Kodiak Trawl","23-27-LSR01","Sacramento River near Rio Vista",228.1,8.1,57.6,30.57,"76","Adult",38.10221,-121.71818,"Directed Outflow Project","BY2022 3b","SDWSC","Soft",NA,"Fish 130",2023-01-26,"SDWSC","Soft (carboy)","Right/Green/PD",38.237842,-121.673802,5,16743.7872286481,"Soft (carboy)","Soft (carboy) SDWSC",2023,2022,2022-12-31,"Yes"
"131",2023-02-01,"USFWS EDSM","Kodiak Trawl","23-27-SSC01","Lower Sacramento River Ship Channel",713,8.2,70.9,34.62,"72","Adult",38.3832,-121.6252,"Directed Outflow Project","BY2022 3a","SDWSC","Hard",NA,"Fish 131",2023-01-25,"SDWSC","Hard (carboy)","Left/Orange/AD",38.275563,-121.661374,7,12690.4988341869,"Hard (carboy)","Hard (carboy) SDWSC",2023,2022,2022-12-31,"Yes"
"132",2023-02-01,"USFWS EDSM","Kodiak Trawl","23-27-SSC03","Lower Sacramento River Ship Channel",420.1,8.1,196,82.27,"67","Adult",38.31241,-121.65271,"Directed Outflow Project","BY2022 3a","SDWSC","Hard",NA,"Fish 132",2023-01-25,"SDWSC","Hard (carboy)","Left/Orange/AD",38.275563,-121.661374,7,4209.34588481236,"Hard (carboy)","Hard (carboy) SDWSC",2023,2022,2022-12-31,"Yes"
"133",2023-02-01,"USFWS EDSM","Kodiak Trawl","23-27-SSC03","Lower Sacramento River Ship Channel",420.1,8.1,196,82.27,"67","Adult",38.31241,-121.65271,"Directed Outflow Project","BY2022 3a","SDWSC","Hard",NA,"Fish 133",2023-01-25,"SDWSC","Hard (carboy)","Left/Orange/AD",38.275563,-121.661374,7,4209.34588481236,"Hard (carboy)","Hard (carboy) SDWSC",2023,2022,2022-12-31,"Yes"
"134",2023-02-01,"USFWS EDSM","Kodiak Trawl","23-27-SSC03","Lower Sacramento River Ship Channel",448.9,8.2,185,60.18,"70","Adult",38.31136,-121.65266,"Directed Outflow Project","BY2022 3a","SDWSC","Hard",NA,"Fish 134",2023-01-25,"SDWSC","Hard (carboy)","Left/Orange/AD",38.275563,-121.661374,7,4134.34588481236,"Hard (carboy)","Hard (carboy) SDWSC",2023,2022,2022-12-31,"Yes"
"135",2023-02-02,"USFWS EDSM","Kodiak Trawl","23-27-CS03","Cache Slough and Liberty Island",295.7,7.7,81.4,43.15,"60","Adult",38.24102,-121.68774,"Directed Outflow Project","BY2022 3a","SDWSC","Hard",NA,"Fish 135",2023-01-25,"SDWSC","Hard (carboy)","Left/Orange/AD",38.275563,-121.661374,8,4717.62745781211,"Hard (carboy)","Hard (carboy) SDWSC",2023,2022,2022-12-31,"Yes"
"136",2023-02-03,"USFWS EDSM","Kodiak Trawl","23-27-LSR05","Lower Sacramento River",252.3,8.1,59.3,33.97,"61","Adult",38.08988,-121.74388,"Directed Outflow Project","BY2022 3b","SDWSC","Soft",NA,"Fish 136",2023-01-26,"SDWSC","Soft (carboy)","Right/Green/PD",38.237842,-121.673802,8,19220.5230605556,"Soft (carboy)","Soft (carboy) SDWSC",2023,2022,2022-12-31,"Yes"
"137",2023-02-03,"USFWS EDSM","Kodiak Trawl","23-27-LSR05","Lower Sacramento River",253.3,8.1,63.4,32.6,"65","Adult",38.09189,-121.74071,"Directed Outflow Project","BY2022 3b","SDWSC","Soft",NA,"Fish 137",2023-01-26,"SDWSC","Soft (carboy)","Right/Green/PD",38.237842,-121.673802,8,18840.6859278872,"Soft (carboy)","Soft (carboy) SDWSC",2023,2022,2022-12-31,"Yes"
"138",2023-02-03,"USFWS EDSM","Kodiak Trawl","23-27-LSR05","Lower Sacramento River",253.3,8.1,63.4,32.6,"73","Adult",38.09189,-121.74071,"Directed Outflow Project","BY2022 3b","SDWSC","Soft",NA,"Fish 138",2023-01-26,"SDWSC","Soft (carboy)","Right/Green/PD",38.237842,-121.673802,8,18840.6859278872,"Soft (carboy)","Soft (carboy) SDWSC",2023,2022,2022-12-31,"Yes"
"139",2023-02-07,"USFWS EDSM","Kodiak Trawl","23-28-CS06","Cache Slough and Liberty Island",390.3,9,66.3,37.24,"69","Adult",38.28576,-121.69277,"Directed Outflow Project","BY2022 3a","SDWSC","Hard",NA,"Fish 139",2023-01-25,"SDWSC","Hard (carboy)","Left/Orange/AD",38.275563,-121.661374,13,9562.38353924944,"Hard (carboy)","Hard (carboy) SDWSC",2023,2022,2022-12-31,"Yes"
"140",2023-02-08,"CDFW SKT","Kodiak Trawl","704","Lower Sacramento River",242,8.5,25.3,19.2,"54","Adult",38.06577778,-121.7885278,"Directed Outflow Project","BY2022 2a","Rio Vista","Hard",NA,"Fish 140",2023-01-18,"Rio Vista","Hard (carboy)","Right/Orange/PD",38.124736,-121.699521,21,12043.8850955439,"Hard (carboy)","Hard (carboy) Rio Vista",2023,2022,2022-12-31,"Yes"
"141",2023-02-08,"CDFW SKT","Kodiak Trawl","719","Lower Sacramento River Ship Channel",588,9.3,52.5,36.9,"72","Adult",38.3335,-121.647,"Directed Outflow Project","BY2022 3a","SDWSC","Hard",NA,"Fish 141",2023-01-25,"SDWSC","Hard (carboy)","Left/Orange/AD",38.275563,-121.661374,14,6715.57647468726,"Hard (carboy)","Hard (carboy) SDWSC",2023,2022,2022-12-31,"Yes"
"142",2023-02-08,"Skinner","Salvage","NA","Salvage",NA,10.6,NA,NA,"73","Adult",37.825671,-121.596789,"Directed Outflow Project","BY2022 2a","Rio Vista","Hard",NA,"Fish 142",2023-01-18,"Rio Vista","Hard (carboy)","Right/Orange/PD",38.124736,-121.699521,21,45527.0920875205,"Hard (carboy)","Hard (carboy) Rio Vista",2023,2022,2022-12-31,"Yes"
"143",2023-02-09,"USFWS EDSM","Kodiak Trawl","23-28-SM01","Suisun Marsh",2619,9.7,85.4,51.1,NA,"Adult",38.17958,-122.00315,"FCCL Broodstock","NA","NA","NA","Fish not measured because transferred to FCCL for broodstock. Assumed adult","Fish 143",NA,NA,"Wild/unmarked",NA,NA,NA,NA,NA,"Wild/unmarked","Wild/unmarked NA",2023,2022,2022-12-31,"No"
"144",2023-02-12,"TFCF","Salvage","NA","Salvage",NA,12.4,NA,NA,"63","Adult",37.815819,-121.558995,"Directed Outflow Project","BY2022 2a","Rio Vista","Hard",NA,"Fish 144",2023-01-18,"Rio Vista","Hard (carboy)","Right/Orange/PD",38.124736,-121.699521,25,46745.4547117514,"Hard (carboy)","Hard (carboy) Rio Vista",2023,2022,2022-12-31,"Yes"
"145",2023-02-13,"TFCF","Salvage","NA","Salvage",NA,12.3,NA,NA,"59","Adult",37.815819,-121.558995,"Directed Outflow Project","BY2022 2a","Rio Vista","Hard",NA,"Fish 145",2023-01-18,"Rio Vista","Hard (carboy)","Right/Orange/PD",38.124736,-121.699521,26,46745.4547117514,"Hard (carboy)","Hard (carboy) Rio Vista",2023,2022,2022-12-31,"Yes"
"146",2023-02-13,"TFCF","Salvage","NA","Salvage",NA,11.6,NA,NA,"69","Adult",37.815819,-121.558995,"Directed Outflow Project","BY2022 2a","Rio Vista","Hard",NA,"Fish 146",2023-01-18,"Rio Vista","Hard (carboy)","Right/Orange/PD",38.124736,-121.699521,26,46745.4547117514,"Hard (carboy)","Hard (carboy) Rio Vista",2023,2022,2022-12-31,"Yes"
"147",2023-02-14,"TFCF","Salvage","NA","Salvage",NA,15,NA,NA,"63","Adult",37.815819,-121.558995,"Directed Outflow Project","BY2022 2a","Rio Vista","Hard",NA,"Fish 147",2023-01-18,"Rio Vista","Hard (carboy)","Right/Orange/PD",38.124736,-121.699521,27,46745.4547117514,"Hard (carboy)","Hard (carboy) Rio Vista",2023,2022,2022-12-31,"Yes"
"148",2023-02-14,"USFWS EDSM","Kodiak Trawl","23-29-SB07","Confluence",340.3,9.7,34.6,21.47,"79","Adult",38.03956,-121.83237,"Directed Outflow Project","BY2022 3b","SDWSC","Soft",NA,"Fish 148",2023-01-26,"SDWSC","Soft (carboy)","Right/Green/PD",38.237842,-121.673802,19,28884.1564755792,"Soft (carboy)","Soft (carboy) SDWSC",2023,2022,2022-12-31,"Yes"
"149",2023-02-15,"USFWS EDSM","Kodiak Trawl","23-29-LSR06","Sacramento River near Rio Vista",214.5,9.6,23.8,15.37,"76","Adult",38.12109,-121.7027,"Directed Outflow Project","BY2022 3b","SDWSC","Soft",NA,"Fish 149",2023-01-26,"SDWSC","Soft (carboy)","Right/Green/PD",38.237842,-121.673802,20,14210.0127024269,"Soft (carboy)","Soft (carboy) SDWSC",2023,2022,2022-12-31,"Yes"
"150",2023-02-17,"TFCF","Salvage","NA","Salvage",NA,9.5,NA,NA,"70","Adult",37.815819,-121.558995,"Directed Outflow Project","BY2022 2a","Rio Vista","Hard",NA,"Fish 150",2023-01-18,"Rio Vista","Hard (carboy)","Right/Orange/PD",38.124736,-121.699521,30,46745.4547117514,"Hard (carboy)","Hard (carboy) Rio Vista",2023,2022,2022-12-31,"Yes"
"151",2023-02-17,"USFWS EDSM","Kodiak Trawl","23-29-SSC03","Lower Sacramento River Ship Channel",481.7,9.3,82.5,38.73,"79","Adult",38.32954,-121.64829,"Directed Outflow Project","BY2022 3b","SDWSC","Soft",NA,"Fish 151",2023-01-26,"SDWSC","Soft (carboy)","Right/Green/PD",38.237842,-121.673802,22,10695.7427527496,"Soft (carboy)","Soft (carboy) SDWSC",2023,2022,2022-12-31,"Yes"
"152",2023-02-18,"TFCF","Salvage","NA","Salvage",NA,10,NA,NA,"76","Adult",37.815819,-121.558995,"NA","NA","NA","NA","Fish never transferred to DOP. Rene is checking whether fish was moved to voucher collection, if not will ask DOP if they still want fish for otolith. From Rene: DSM may not be truly wild since it has heavy pigments along body, although there were no pigments on the isthmus (diagnostic for wild DSM). No visible VIE tag. Gonad development analysis was conducted on fish.","Fish 152",NA,NA,"Wild/unmarked",NA,NA,NA,NA,NA,"Wild/unmarked","Wild/unmarked NA",2023,2022,2022-12-31,"No"
"153",2023-02-19,"USFWS Chipps","Midwater Trawl","SB018S","Confluence",556,9.9,33,NA,"84","Adult",38.04283,-121.909917,"Directed Outflow Project","BY2022 3b","SDWSC","Soft",NA,"Fish 153",2023-01-26,"SDWSC","Soft (carboy)","Right/Green/PD",38.237842,-121.673802,24,35170.7039220368,"Soft (carboy)","Soft (carboy) SDWSC",2023,2022,2022-12-31,"Yes"
"154",2023-02-22,"Skinner","Salvage","NA","Salvage",NA,10.6,NA,NA,"70","Adult",37.825671,-121.596789,"Directed Outflow Project","BY2022 2b","Rio Vista","Trailer Release","Assumed to be BY2022 adclipped fish","Fish 154",2023-01-18,"Rio Vista","Hard (trailer)","Ad-clip",38.139752,-121.694706,35,45527.0920875205,"Hard (Large Scale)","Hard (trailer) Rio Vista",2023,2022,2022-12-31,"Yes"
"155",2023-02-22,"Skinner","Salvage","NA","Salvage",NA,10.6,NA,NA,"72","Adult",37.825671,-121.596789,"Directed Outflow Project","BY2022 3a","SDWSC","Hard",NA,"Fish 155",2023-01-25,"SDWSC","Hard (carboy)","Left/Orange/AD",38.275563,-121.661374,28,61965.220084885,"Hard (carboy)","Hard (carboy) SDWSC",2023,2022,2022-12-31,"Yes"
"156",2023-02-22,"TFCF","Salvage","NA","Salvage",NA,9.9,NA,NA,"65","Adult",37.815819,-121.558995,"Directed Outflow Project","BY2022 2a","Rio Vista","Hard",NA,"Fish 156",2023-01-18,"Rio Vista","Hard (carboy)","Right/Orange/PD",38.124736,-121.699521,35,46745.4547117514,"Hard (carboy)","Hard (carboy) Rio Vista",2023,2022,2022-12-31,"Yes"
"157",2023-02-24,"USFWS EDSM","Kodiak Trawl","23-30-LSR02","Sacramento River near Rio Vista",217.5,9,23.7,11.91,"70","Adult",38.13035,-121.69698,"Directed Outflow Project","BY2022 3b","SDWSC","Soft",NA,"Fish 157",2023-01-26,"SDWSC","Soft (carboy)","Right/Green/PD",38.237842,-121.673802,29,13128.782112552,"Soft (carboy)","Soft (carboy) SDWSC",2023,2022,2022-12-31,"Yes"
"158",2023-03-02,"Skinner","Salvage","NA","Salvage",NA,8.3,NA,NA,"64","Adult",37.825671,-121.596789,"Directed Outflow Project","BY2022 2a","Rio Vista","Hard",NA,"Fish 158",2023-01-18,"Rio Vista","Hard (carboy)","Right/Orange/PD",38.124736,-121.699521,43,45527.0920875205,"Hard (carboy)","Hard (carboy) Rio Vista",2023,2022,2022-12-31,"Yes"
"159",2023-03-02,"TFCF","Salvage","NA","Salvage",NA,8.9,NA,NA,"67","Adult",37.815819,-121.558995,"Directed Outflow Project","BY2022 3a","SDWSC","Hard",NA,"Fish 159",2023-01-25,"SDWSC","Hard (carboy)","Left/Orange/AD",38.275563,-121.661374,36,63183.5827091159,"Hard (carboy)","Hard (carboy) SDWSC",2023,2022,2022-12-31,"Yes"
"160",2023-03-06,"USFWS EDSM","Kodiak Trawl","23-32-SM03","Suisun Marsh",1698,10,55,33.4,"72","Adult",38.12969,-121.9157,"Directed Outflow Project","BY2022 2b","Rio Vista","Hard (trailer)","Assumed to be BY2022 adclipped fish","Fish 160",2023-01-18,"Rio Vista","Hard (trailer)","Ad-clip",38.139752,-121.694706,47,30045.2948415347,"Hard (Large Scale)","Hard (trailer) Rio Vista",2023,2022,2022-12-31,"Yes"
"161",2023-03-07,"USFWS EDSM","Kodiak Trawl","23-32-SSC02","Lower Sacramento River Ship Channel",322.4,9.1,40,19.4,"65","Adult",38.24746,-121.66903,"Directed Outflow Project","BY2022 3a","SDWSC","Hard",NA,"Fish 161",2023-01-25,"SDWSC","Hard (carboy)","Left/Orange/AD",38.275563,-121.661374,41,3309.34588481236,"Hard (carboy)","Hard (carboy) SDWSC",2023,2022,2022-12-31,"Yes"
"162",2023-03-08,"CDFW SKT","Kodiak Trawl","719","Lower Sacramento River Ship Channel",541,9.4,80.1,49.7,"72","Adult",38.3335,-121.647,"Directed Outflow Project","BY2022 3a","SDWSC","Hard",NA,"Fish 162",2023-01-25,"SDWSC","Hard (carboy)","Left/Orange/AD",38.275563,-121.661374,42,6715.57647468726,"Hard (carboy)","Hard (carboy) SDWSC",2023,2022,2022-12-31,"Yes"
"163",2023-03-08,"CDFW SKT","Kodiak Trawl","719","Lower Sacramento River Ship Channel",541,9.4,80.1,49.7,"76","Adult",38.3335,-121.647,"Directed Outflow Project","BY2022 3a","SDWSC","Hard",NA,"Fish 163",2023-01-25,"SDWSC","Hard (carboy)","Left/Orange/AD",38.275563,-121.661374,42,6715.57647468726,"Hard (carboy)","Hard (carboy) SDWSC",2023,2022,2022-12-31,"Yes"
"164",2023-03-13,"CDFW SLS","Egg and Larva Trawl","508","Confluence",209,10.3,36,21.8,"5","Larva",38.04419444,-121.9215278,"NA","NA","NA","NA",NA,"Fish 164",NA,NA,"Wild/unmarked",NA,NA,NA,NA,NA,"Wild/unmarked","Wild/unmarked NA",2023,2023,2024-01-21,"No"
"165",2023-03-13,"CDFW SLS","Egg and Larva Trawl","706","Lower Sacramento River",127,9.5,19.8,21.2,"6","Larva",38.08663889,-121.7475,"NA","NA","NA","NA",NA,"Fish 165",NA,NA,"Wild/unmarked",NA,NA,NA,NA,NA,"Wild/unmarked","Wild/unmarked NA",2023,2023,2024-01-21,"No"
"166",2023-03-15,"CDFW 20-mm","20mm Trawl","405","Carquinez Strait",338,11.2,147,84.2,"9","Larva",38.03991667,-122.1523333,"NA","NA","NA","NA",NA,"Fish 166",NA,NA,"Wild/unmarked",NA,NA,NA,NA,NA,"Wild/unmarked","Wild/unmarked NA",2023,2023,2024-01-21,"No"
"167",2023-03-15,"CDFW 20-mm","20mm Trawl","405","Carquinez Strait",338,11.2,147,84.2,"12","Larva",38.03991667,-122.1523333,"NA","NA","NA","NA",NA,"Fish 167",NA,NA,"Wild/unmarked",NA,NA,NA,NA,NA,"Wild/unmarked","Wild/unmarked NA",2023,2023,2024-01-21,"No"
"168",2023-03-15,"CDFW 20-mm","20mm Trawl","804","Lower San Joaquin River",189,11.6,39.3,32.1,"6","Larva",38.01819444,-121.7994722,"NA","NA","NA","NA",NA,"Fish 168",NA,NA,"Wild/unmarked",NA,NA,NA,NA,NA,"Wild/unmarked","Wild/unmarked NA",2023,2023,2024-01-21,"No"
"169",2023-03-15,"CDFW 20-mm","20mm Trawl","804","Lower San Joaquin River",189,11.6,39.3,32.1,"10","Larva",38.01819444,-121.7994722,"NA","NA","NA","NA",NA,"Fish 169",NA,NA,"Wild/unmarked",NA,NA,NA,NA,NA,"Wild/unmarked","Wild/unmarked NA",2023,2023,2024-01-21,"No"
"170",2023-03-15,"CDFW SLS","Egg and Larva Trawl","519","Honker Bay",171,10.6,43.9,28,"10","Larva",38.07146,-121.95927,"NA","NA","NA","NA",NA,"Fish 170",NA,NA,"Wild/unmarked",NA,NA,NA,NA,NA,"Wild/unmarked","Wild/unmarked NA",2023,2023,2024-01-21,"No"
"171",2023-03-15,"CDFW SLS","Egg and Larva Trawl","610","Suisun Marsh",928,10.4,17.7,20.4,"12","Larva",38.11893,-121.88913,"NA","NA","NA","NA",NA,"Fish 171",NA,NA,"Wild/unmarked",NA,NA,NA,NA,NA,"Wild/unmarked","Wild/unmarked NA",2023,2023,2024-01-21,"No"
"172",2023-03-17,"CDFW 20-mm","20mm Trawl","411","West Suisun Bay",193,11.2,29.5,24.4,"6","Larva",38.05161111,-122.0797222,"NA","NA","NA","NA",NA,"Fish 172",NA,NA,"Wild/unmarked",NA,NA,NA,NA,NA,"Wild/unmarked","Wild/unmarked NA",2023,2023,2024-01-21,"No"
"173",2023-03-17,"CDFW 20-mm","20mm Trawl","411","West Suisun Bay",193,11.2,29.5,24.4,"6","Larva",38.05161111,-122.0797222,"NA","NA","NA","NA",NA,"Fish 173",NA,NA,"Wild/unmarked",NA,NA,NA,NA,NA,"Wild/unmarked","Wild/unmarked NA",2023,2023,2024-01-21,"No"
"174",2023-03-21,"USFWS EDSM","Kodiak Trawl","23-34-SSC03","Lower Sacramento River Ship Channel",563,12.1,53.8,26.46,"83","Adult",38.33859,-121.64638,"Directed Outflow Project","BY2022 3b","SDWSC","Soft",NA,"Fish 174",2023-01-26,"SDWSC","Soft (carboy)","Right/Green/PD",38.237842,-121.673802,54,11706.1529493745,"Soft (carboy)","Soft (carboy) SDWSC",2023,2022,2022-12-31,"Yes"
"175",2023-04-05,"USFWS EDSM","20mm Trawl","23-36-SB03","West Suisun Bay",224.1,11.5,57.8,30.42,"6.9","Larva",38.08206,-122.0849,"Future: Directed Outflow Project","NA","NA","NA",NA,"Fish 175",NA,NA,"Wild/unmarked",NA,NA,NA,NA,NA,"Wild/unmarked","Wild/unmarked NA",2023,2023,2024-01-21,"No"
"176",2023-04-10,"CDFW 20-mm","20mm Trawl","704","Lower Sacramento River",199,13.4,14.4,15.2,"7","Larva",38.06608333,-121.7904722,"NA","NA","NA","NA",NA,"Fish 176",NA,NA,"Wild/unmarked",NA,NA,NA,NA,NA,"Wild/unmarked","Wild/unmarked NA",2023,2023,2024-01-21,"No"
"177",2023-04-10,"USFWS EDSM","20mm Trawl","23-37-SM02","Grizzly Bay",245.1,13.8,40.6,22.82,"6.1","Larva",38.10375,-122.05555,"Future: Directed Outflow Project","NA","NA","NA",NA,"Fish 177",NA,NA,"Wild/unmarked",NA,NA,NA,NA,NA,"Wild/unmarked","Wild/unmarked NA",2023,2023,2024-01-21,"No"
"178",2023-04-11,"CDFW 20-mm","20mm Trawl","716","Cache Slough and Liberty Island",237,14.1,9.7,8.3,"6","Larva",38.23891667,-121.6851111,"NA","NA","NA","NA",NA,"Fish 178",NA,NA,"Wild/unmarked",NA,NA,NA,NA,NA,"Wild/unmarked","Wild/unmarked NA",2023,2023,2024-01-21,"No"
"179",2023-04-11,"CDFW 20-mm","20mm Trawl","719","Lower Sacramento River Ship Channel",603,15.1,31.2,25,"16","Larva",38.33322222,-121.6476389,"NA","NA","NA","NA",NA,"Fish 179",NA,NA,"Wild/unmarked",NA,NA,NA,NA,NA,"Wild/unmarked","Wild/unmarked NA",2023,2023,2024-01-21,"No"
"180",2023-04-11,"CDFW 20-mm","20mm Trawl","726","Upper Sacramento River",146,13.9,18.8,12.3,"12","Larva",38.28330556,-121.6437778,"NA","NA","NA","NA",NA,"Fish 180",NA,NA,"Wild/unmarked",NA,NA,NA,NA,NA,"Wild/unmarked","Wild/unmarked NA",2023,2023,2024-01-21,"No"
"181",2023-04-12,"CDFW 20-mm","20mm Trawl","411","West Suisun Bay",331,14.7,22.6,26.9,"6","Larva",38.04972222,-122.0833611,"NA","NA","NA","NA",NA,"Fish 181",NA,NA,"Wild/unmarked",NA,NA,NA,NA,NA,"Wild/unmarked","Wild/unmarked NA",2023,2023,2024-01-21,"No"
"182",2023-04-12,"CDFW 20-mm","20mm Trawl","411","West Suisun Bay",331,14.7,22.6,26.9,"7","Larva",38.04972222,-122.0833611,"NA","NA","NA","NA",NA,"Fish 182",NA,NA,"Wild/unmarked",NA,NA,NA,NA,NA,"Wild/unmarked","Wild/unmarked NA",2023,2023,2024-01-21,"No"
"183",2023-04-12,"CDFW 20-mm","20mm Trawl","411","West Suisun Bay",331,14.7,22.6,26.9,"7","Larva",38.04972222,-122.0833611,"NA","NA","NA","NA",NA,"Fish 183",NA,NA,"Wild/unmarked",NA,NA,NA,NA,NA,"Wild/unmarked","Wild/unmarked NA",2023,2023,2024-01-21,"No"
"184",2023-04-12,"CDFW 20-mm","20mm Trawl","411","West Suisun Bay",331,14.7,22.6,26.9,"7","Larva",38.04972222,-122.0833611,"NA","NA","NA","NA",NA,"Fish 184",NA,NA,"Wild/unmarked",NA,NA,NA,NA,NA,"Wild/unmarked","Wild/unmarked NA",2023,2023,2024-01-21,"No"
"185",2023-04-12,"CDFW 20-mm","20mm Trawl","411","West Suisun Bay",331,14.7,22.6,26.9,"8","Larva",38.04972222,-122.0833611,"NA","NA","NA","NA",NA,"Fish 185",NA,NA,"Wild/unmarked",NA,NA,NA,NA,NA,"Wild/unmarked","Wild/unmarked NA",2023,2023,2024-01-21,"No"
"186",2023-04-12,"CDFW 20-mm","20mm Trawl","501","Mid Suisun Bay",198,14.6,18.6,22.8,"7","Larva",38.07608333,-122.0315,"NA","NA","NA","NA",NA,"Fish 186",NA,NA,"Wild/unmarked",NA,NA,NA,NA,NA,"Wild/unmarked","Wild/unmarked NA",2023,2023,2024-01-21,"No"
"187",2023-04-12,"USFWS EDSM","20mm Trawl","23-37-SB06","Mid Suisun Bay",199.6,14.5,35.3,15.85,"6","Larva",38.05233,-121.9812,"Future: Directed Outflow Project","NA","NA","NA",NA,"Fish 187",NA,NA,"Wild/unmarked",NA,NA,NA,NA,NA,"Wild/unmarked","Wild/unmarked NA",2023,2023,2024-01-21,"No"
"188",2023-04-12,"USFWS EDSM","20mm Trawl","23-37-SB11","West Suisun Bay",544,14.2,32.3,17.78,"5.7","Larva",38.05839,-122.07983,"Future: Directed Outflow Project","NA","NA","NA",NA,"Fish 188",NA,NA,"Wild/unmarked",NA,NA,NA,NA,NA,"Wild/unmarked","Wild/unmarked NA",2023,2023,2024-01-21,"No"
"189",2023-04-19,"USFWS EDSM","20mm Trawl","23-38-SM01","Suisun Marsh",776,15,46.8,19.9,"6.8","Larva",38.11976,-121.91006,"Future: Directed Outflow Project","NA","NA","NA",NA,"Fish 189",NA,NA,"Wild/unmarked",NA,NA,NA,NA,NA,"Wild/unmarked","Wild/unmarked NA",2023,2023,2024-01-21,"No"
"190",2023-04-20,"USFWS EDSM","20mm Trawl","23-38-SB02","Confluence",163.7,14,51,16.5,"6.3","Larva",38.05043,-121.88984,"Future: Directed Outflow Project","NA","NA","NA",NA,"Fish 190",NA,NA,"Wild/unmarked",NA,NA,NA,NA,NA,"Wild/unmarked","Wild/unmarked NA",2023,2023,2024-01-21,"No"
"191",2023-04-24,"CDFW 20-mm","20mm Trawl","706","Lower Sacramento River",157,14.9,17.6,8.9,"7","Larva",38.08588889,-121.7513056,"NA","NA","NA","NA",NA,"Fish 191",NA,NA,"Wild/unmarked",NA,NA,NA,NA,NA,"Wild/unmarked","Wild/unmarked NA",2023,2023,2024-01-21,"No"
"192",2023-04-24,"CDFW 20-mm","20mm Trawl","804","Lower San Joaquin River",155,16.5,11.6,5.4,"6","Larva",38.01705556,-121.79525,"NA","NA","NA","NA",NA,"Fish 192",NA,NA,"Wild/unmarked",NA,NA,NA,NA,NA,"Wild/unmarked","Wild/unmarked NA",2023,2023,2024-01-21,"No"
"193",2023-04-27,"USFWS EDSM","20mm Trawl","23-39-SB05","West Suisun Bay",346.3,17.8,26.4,15.52,"7.9","Larva",38.08824,-122.07214,"Future: Directed Outflow Project","NA","NA","NA",NA,"Fish 193",NA,NA,"Wild/unmarked",NA,NA,NA,NA,NA,"Wild/unmarked","Wild/unmarked NA",2023,2023,2024-01-21,"No"
"194",2023-05-02,"USFWS EDSM","20mm Trawl","23-40-SSC10","Lower Sacramento River Ship Channel",142.6,15,14.9,9.57,"5.9","Larva",38.18081,-121.66555,"Future: Directed Outflow Project","NA","NA","NA",NA,"Fish 194",NA,NA,"Wild/unmarked",NA,NA,NA,NA,NA,"Wild/unmarked","Wild/unmarked NA",2023,2023,2024-01-21,"No"
"195",2023-05-04,"USFWS EDSM","20mm Trawl","23-40-CS02","Cache Slough and Liberty Island",245.8,14.8,16.7,8.33,"11.1","Larva",38.24494,-121.67824,"Future: Directed Outflow Project","NA","NA","NA",NA,"Fish 195",NA,NA,"Wild/unmarked",NA,NA,NA,NA,NA,"Wild/unmarked","Wild/unmarked NA",2023,2023,2024-01-21,"No"
"196",2023-05-08,"USFWS EDSM","20mm Trawl","23-41-SM06","Grizzly Bay",468.6,16.3,69.1,39.69,"7.1","Larva",38.11569,-122.05645,"Future: Directed Outflow Project","NA","NA","NA",NA,"Fish 196",NA,NA,"Wild/unmarked",NA,NA,NA,NA,NA,"Wild/unmarked","Wild/unmarked NA",2023,2023,2024-01-21,"No"
"197",2023-05-08,"USFWS EDSM","20mm Trawl","23-41-SM06","Grizzly Bay",468.6,16.3,69.1,39.69,"9.5","Larva",38.11569,-122.05645,"Future: Directed Outflow Project","NA","NA","NA",NA,"Fish 197",NA,NA,"Wild/unmarked",NA,NA,NA,NA,NA,"Wild/unmarked","Wild/unmarked NA",2023,2023,2024-01-21,"No"
"198",2023-05-08,"USFWS EDSM","20mm Trawl","23-41-SM06","Grizzly Bay",468.6,16.3,69.1,39.69,"10","Larva",38.11569,-122.05645,"Future: Directed Outflow Project","NA","NA","NA",NA,"Fish 198",NA,NA,"Wild/unmarked",NA,NA,NA,NA,NA,"Wild/unmarked","Wild/unmarked NA",2023,2023,2024-01-21,"No"
"199",2023-05-24,"USFWS EDSM","20mm Trawl","23-43-SB04","Confluence",123.6,18.8,16.6,12.17,"7","Larva",38.0576,-121.89884,"Future: Directed Outflow Project","NA","NA","NA",NA,"Fish 199",NA,NA,"Wild/unmarked",NA,NA,NA,NA,NA,"Wild/unmarked","Wild/unmarked NA",2023,2023,2024-01-21,"No"
"200",2023-05-30,"USFWS EDSM","20mm Trawl","23-44-SM05","Suisun Marsh",1539,18.3,78.3,47.44,"25.2","Juvenile",38.17858,-122.04945,"Future: Directed Outflow Project","NA","NA","NA",NA,"Fish 200",NA,NA,"Wild/unmarked",NA,NA,NA,NA,NA,"Wild/unmarked","Wild/unmarked NA",2023,2023,2024-01-21,"No"
"201",2023-06-07,"USFWS EDSM","20mm Trawl","23-45-CS01","Cache Slough and Liberty Island",766,21.2,63,32,"16.600000000000001","Larva",38.42296,-121.61354,"Future: Directed Outflow Project","NA","NA","NA",NA,"Fish 201",NA,NA,"Wild/unmarked",NA,NA,NA,NA,NA,"Wild/unmarked","Wild/unmarked NA",2023,2023,2024-01-21,"No"
"202",2023-06-28,"USFWS Chipps","Midwater Trawl","SB018M","Confluence",128.6,19.6,NA,NA,"90","Adult",38.04598,-121.909917,"Directed Outflow Project","BY2022 2a","Rio Vista","Hard",NA,"Fish 202",2023-01-18,"Rio Vista","Hard (carboy)","Right/Orange/PD",38.124736,-121.699521,161,23074.2167111724,"Hard (carboy)","Hard (carboy) Rio Vista",2023,2022,2022-12-31,"Yes"
"203",2023-07-07,"USFWS EDSM","Kodiak Trawl","23-49-SB05","Confluence",816,20.6,37.6,24.26,"41","Juvenile",38.04402,-121.84145,"Directed Outflow Project","NA","NA","NA",NA,"Fish 203",NA,NA,"Wild/unmarked",NA,NA,NA,NA,NA,"Wild/unmarked","Wild/unmarked NA",2023,2023,2024-01-21,"No"
"204",2023-07-11,"USFWS EDSM","Kodiak Trawl","23-50-SB05","Confluence",350.8,20.5,32.1,21.48,"37","Juvenile",38.07244,-121.84237,"Directed Outflow Project","NA","NA","NA",NA,"Fish 204",NA,NA,"Wild/unmarked",NA,NA,NA,NA,NA,"Wild/unmarked","Wild/unmarked NA",2023,2023,2024-01-21,"No"
"205",2023-08-21,"CDFW Townet","Townet","609","Suisun Marsh",3440,22.8,27.7,NA,"50","Juvenile",38.16719444,-121.9388611,"Directed Outflow Project","NA","NA","NA",NA,"Fish 205",NA,NA,"Wild/unmarked",NA,NA,NA,NA,NA,"Wild/unmarked","Wild/unmarked NA",2023,2023,2024-01-21,"No"
"206",2023-09-21,"USFWS EDSM","Kodiak Trawl","24-08-SM08","Grizzly Bay",9800,20,18.6,7.87,"54","Juvenile",38.10651,-122.04479,"Directed Outflow Project/SHERLOCK","NA","NA","NA",NA,"Fish 206",NA,NA,"Wild/unmarked",NA,NA,NA,NA,NA,"Wild/unmarked","Wild/unmarked NA",2023,2023,2024-01-21,"No"
"207",2023-09-25,"USFWS EDSM","Kodiak Trawl","24-09-SM02","Suisun Marsh",6651,18.8,41.5,24.42,"48","Juvenile",38.12422,-122.05675,"Directed Outflow Project/SHERLOCK","NA","NA","NA",NA,"Fish 207",NA,NA,"Wild/unmarked",NA,NA,NA,NA,NA,"Wild/unmarked","Wild/unmarked NA",2023,2023,2024-01-21,"No"
"208",2023-09-28,"USFWS EDSM","Kodiak Trawl","24-09-SB05","West Suisun Bay",9420,19.6,45.8,15.59,"70","Adult",38.08338,-122.05802,"Directed Outflow Project/SHERLOCK","NA","NA","NA","*Genetically identified as F1 hybrid, maternal WAG paternal DSM","Fish 208",NA,NA,"Wild/unmarked",NA,NA,NA,NA,NA,"Wild/unmarked","Wild/unmarked NA",2023,2023,2024-01-21,"No"
"209",2023-10-05,"USFWS EDSM","Kodiak Trawl","24-10-LSR06","Sacramento River near Rio Vista",265.1,19.6,6.17,3.36,"60","Adult",38.10685,-121.70216,"Directed Outflow Project/SHERLOCK","NA","NA","NA",NA,"Fish 209",NA,NA,"Wild/unmarked",NA,NA,NA,NA,NA,"Wild/unmarked","Wild/unmarked NA",2023,2023,2024-01-21,"No"
"210",2023-10-24,"USFWS EDSM","Kodiak Trawl","24-13-LSR02","Lower Sacramento River",467,19,19,11.43,"53","Juvenile",38.06994,-121.78178,"Directed Outflow Project","NA","NA","NA",NA,"Fish 210",NA,NA,"Wild/unmarked",NA,NA,NA,NA,NA,"Wild/unmarked","Wild/unmarked NA",2023,2023,2024-01-21,"No"
"211",2023-11-15,"USFWS EDSM","Kodiak Trawl","24-16-LSR02","Lower Sacramento River",5707,15.6,13.7,7.45,"57","Juvenile",38.07113,-121.83794,"Directed Outflow Project/SHERLOCK","NA","NA","NA",NA,"Fish 211",NA,NA,"Wild/unmarked",NA,NA,NA,NA,NA,"Wild/unmarked","Wild/unmarked NA",2023,2023,2024-01-21,"No"
"212",2023-12-07,"USFWS EDSM","Kodiak Trawl","24-19-LSR05","Lower Sacramento River",2072,11.6,18.4,9.69,"63","Adult",38.08168,-121.75851,"Directed Outflow Project","BY2023 LS1","Rio Vista","Hard (large scale)",NA,"Fish 212",2023-11-15,"Rio Vista","Hard (large scale)","Left/Green/AD",38.139752,-121.694706,22,8820.27079079283,"Hard (Large Scale)","Hard (large scale) Rio Vista",2023,2023,2024-01-21,"No"
"213",2024-01-16,"USFWS EDSM","Kodiak Trawl","24-25-LSR06","Lower Sacramento River",360.4,9.2,NA,25.87,"63","Adult",38.06742,-121.78878,"Directed Outflow Project/SHERLOCK","BY2023 LS2","Rio Vista","Hard (large scale)",NA,"Fish 213",2024-01-10,"Rio Vista","Hard (large scale)","Ad-clip",38.139752,-121.694706,6,11910.6042874135,"Hard (Large Scale)","Hard (large scale) Rio Vista",2024,2023,2024-01-21,"No"
"214",2024-01-22,"USFWS EDSM","Kodiak Trawl","24-26-SM01","Suisun Marsh",885,10.7,90.5,20.35,"58","Adult",38.12357,-121.89997,"FCCL Broodstock/Directed Outflow Project","BY2023 LS2","Rio Vista","Hard (large scale)","Fish not measured because transferred to FCCL for broodstock, length estimated as >58mm. Genetics determined fish was hatchery fish, appeared to have bad adclip","Fish 214",2024-01-10,"Rio Vista","Hard (large scale)","Ad-clip",38.139752,-121.694706,12,27696.602131414,"Hard (Large Scale)","Hard (large scale) Rio Vista",2024,2023,2024-01-21,"No"
"215",2024-01-22,"USFWS EDSM","Kodiak Trawl","24-26-SM06","Suisun Marsh",8123,11,95.7,26.81,"58","Adult",38.13232,-122.08213,"FCCL Broodstock","NA","NA","NA","Fish not measured because transferred to FCCL for broodstock, length estimated as >58mm. Genetics determined that one or both parents were of wild-origin. FCCL plans to spawn fish into refuge population.","Fish 215",NA,NA,"Wild/unmarked",NA,NA,NA,NA,NA,"Wild/unmarked","Wild/unmarked NA",2024,2023,2024-01-21,"No"
"216",2024-01-24,"USFWS EDSM","Kodiak Trawl","24-26-SM04","Suisun Marsh",4307,11.3,121,NA,"77","Adult",38.1718,-122.06549,"Directed Outflow Project","BY2023 LS2","Rio Vista","Hard (large scale)",NA,"Fish 216",2024-01-10,"Rio Vista","Hard (large scale)","Ad-clip",38.139752,-121.694706,14,44613.1156252661,"Hard (Large Scale)","Hard (large scale) Rio Vista",2024,2023,2024-01-21,"No"
"217",2024-01-24,"USFWS EDSM","Kodiak Trawl","24-26-SSC03","Lower Sac River Ship Channel",237.9,10.7,50.6,NA,"68","Adult",38.31186,-121.65279,"Directed Outflow Project","BY2023 LS2","Rio Vista","Hard (large scale)",NA,"Fish 217",2024-01-10,"Rio Vista","Hard (large scale)","Ad-clip",38.139752,-121.694706,14,20674.1957199077,"Hard (Large Scale)","Hard (large scale) Rio Vista",2024,2023,2024-01-21,"No"
"218",2024-01-25,"USFWS EDSM","Kodiak Trawl","24-26-LSR01","Sacramento River near Rio Vista",189,11.3,55.7,NA,"67","Adult",38.08447,-121.7368,"Directed Outflow Project","BY2023 3a","Rio Vista","Hard (carboy)",NA,"Fish 218",2024-01-24,"Rio Vista","Hard (carboy)","Left/Orange/PD",38.124736,-121.699521,1,7298.12911348718,"Hard (carboy)","Hard (carboy) Rio Vista",2024,2023,2024-01-21,"Yes"
"219",2024-01-27,"TFCF","Salvage","NA","Salvage",NA,12.5,NA,NA,"72","Adult",37.815819,-121.558995,"NA","BY2023 LS2","Rio Vista","Hard (large scale)",NA,"Fish 219",2024-01-10,"Rio Vista","Hard (large scale)","Ad-clip",38.139752,-121.694706,17,46745.4547117514,"Hard (Large Scale)","Hard (large scale) Rio Vista",2024,2023,2024-01-21,"No"
"220",2024-01-31,"USFWS EDSM","Kodiak Trawl","24-27-LSJ05","San Joaquin River at Prisoners Pt",289.5,12.4,15.6,12.07,"65","Adult",38.0586,-121.55394,"Directed Outflow Project","BY2023 3a","Rio Vista","Hard (carboy)",NA,"Fish 220",2024-01-24,"Rio Vista","Hard (carboy)","Left/Orange/PD",38.124736,-121.699521,7,21072.8162568777,"Hard (carboy)","Hard (carboy) Rio Vista",2024,2023,2024-01-21,"Yes"
"221",2024-02-01,"USFWS EDSM","Kodiak Trawl","24-27-SM04","Suisun Marsh",1090,12.7,78.2,29.19,"68","Adult",38.18318,-121.98945,"Directed Outflow Project","BY2023 LS2","Rio Vista","Hard (large scale)",NA,"Fish 221",2024-01-10,"Rio Vista","Hard (large scale)","Ad-clip",38.139752,-121.694706,22,41109.0858321671,"Hard (Large Scale)","Hard (large scale) Rio Vista",2024,2023,2024-01-21,"No"
"222",2024-02-05,"USFWS EDSM","Kodiak Trawl","24-28-LSJ02","Lower San Joaquin",273.1,11.9,31.3,20.08,"65","Adult",38.02501,-121.75343,"Directed Outflow Project","BY2023 LS2","Rio Vista","Hard (large scale)",NA,"Fish 222",2024-01-10,"Rio Vista","Hard (large scale)","Ad-clip",38.139752,-121.694706,26,17691.5204909403,"Hard (Large Scale)","Hard (large scale) Rio Vista",2024,2023,2024-01-21,"No"
"223",2024-02-05,"USFWS EDSM","Kodiak Trawl","24-28-LSJ02","Lower San Joaquin",280.5,11.9,26.9,18.9,"69","Adult",38.02501,-121.75343,"Directed Outflow Project","BY2023 3b","Rio Vista","Soft (carboy)",NA,"Fish 223",2024-01-25,"Rio Vista","Soft (carboy)","Right/Orange/AD",38.1013,-121.72813,11,17691.5204909403,"Soft (carboy)","Soft (carboy) Rio Vista",2024,2023,2024-01-21,"Yes"
"224",2024-02-05,"USFWS EDSM","Kodiak Trawl","24-28-LSJ02","Lower San Joaquin",280.5,11.9,26.9,18.9,"72","Adult",38.02501,-121.75343,"Directed Outflow Project","BY2023 LS2","Rio Vista","Hard (large scale)",NA,"Fish 224",2024-01-10,"Rio Vista","Hard (large scale)","Ad-clip",38.139752,-121.694706,26,17691.5204909403,"Hard (Large Scale)","Hard (large scale) Rio Vista",2024,2023,2024-01-21,"No"
"225",2024-02-05,"USFWS EDSM","Kodiak Trawl","24-28-SM01","Suisun Marsh",666,12,98.8,25.68,"56","Juvenile",38.11361,-121.89077,"Directed Outflow Project","BY2023 3a","Rio Vista","Hard (carboy)",NA,"Fish 225",2024-01-24,"Rio Vista","Hard (carboy)","Left/Orange/PD",38.124736,-121.699521,12,25503.2395071831,"Hard (carboy)","Hard (carboy) Rio Vista",2024,2023,2024-01-21,"Yes"
"226",2024-02-05,"USFWS EDSM","Kodiak Trawl","24-28-SM04","Suisun Marsh",2774,11.7,232,89.77,NA,"Adult",38.16911,-122.04123,"FCCL Broodstock/Directed Outflow Project","NA","NA","NA","Fish not measured because transferred to FCCL for broodstock, length estimated as >58mm. Fish died within 24 hours of arrival at FCCL, then transferred to DOP.","Fish 226",NA,NA,"Wild/unmarked",NA,NA,NA,NA,NA,"Wild/unmarked","Wild/unmarked NA",2024,2023,2024-01-21,"No"
"227",2024-02-06,"TFCF","Salvage","NA","Salvage",NA,12.4,NA,NA,"67","Adult",37.815819,-121.558995,"NA","BY2023 3b","Rio Vista","Soft (carboy)",NA,"Fish 227",2024-01-25,"Rio Vista","Soft (carboy)","Right/Orange/AD",38.1013,-121.72813,12,46745.4547117514,"Soft (carboy)","Soft (carboy) Rio Vista",2024,2023,2024-01-21,"Yes"
"228",2024-02-06,"TFCF","Salvage","NA","Salvage",NA,12.5,NA,NA,"68","Adult",37.815819,-121.558995,"NA","BY2023 LS2","Rio Vista","Hard (large scale)",NA,"Fish 228",2024-01-10,"Rio Vista","Hard (large scale)","Ad-clip",38.139752,-121.694706,27,46745.4547117514,"Hard (Large Scale)","Hard (large scale) Rio Vista",2024,2023,2024-01-21,"No"
"229",2024-02-06,"USFWS EDSM","Kodiak Trawl","24-28-SM02","Suisun Marsh",4873,12.1,106,28.72,"69","Adult",38.12832,-122.05937,"Directed Outflow Project","BY2023 LS2","Rio Vista","Hard (large scale)",NA,"Fish 229",2024-01-10,"Rio Vista","Hard (large scale)","Ad-clip",38.139752,-121.694706,27,39086.2214528806,"Hard (Large Scale)","Hard (large scale) Rio Vista",2024,2023,2024-01-21,"No"
"230",2024-02-07,"USFWS EDSM","Kodiak Trawl","24-28-LSR02","Lower Sacramento River",124.5,10.8,108,NA,"65","Adult",38.06135,-121.79143,"Directed Outflow Project","BY2023 LS2","Rio Vista","Hard (large scale)","Fish originally identified as WAG in the field, found during verification. Fish had bad aclip. Fish frozen in freezer, then transferred to dewar for transfer to DOP.","Fish 230",2024-01-10,"Rio Vista","Hard (large scale)","Ad-clip",38.139752,-121.694706,28,12495.3639552083,"Hard (Large Scale)","Hard (large scale) Rio Vista",2024,2023,2024-01-21,"No"
"231",2024-02-07,"USFWS EDSM","Kodiak Trawl","24-28-LSR03","Lower Sacramento River",128.9,10.8,110,NA,"58","Juvenile",38.06861,-121.82305,"Directed Outflow Project","BY2023 3b","Rio Vista","Soft (carboy)",NA,"Fish 231",2024-01-25,"Rio Vista","Soft (carboy)","Right/Orange/AD",38.1013,-121.72813,13,15162.8198432352,"Soft (carboy)","Soft (carboy) Rio Vista",2024,2023,2024-01-21,"Yes"
"232",2024-02-08,"USFWS EDSM","Kodiak Trawl","24-28-LSJ04","San Joaquin River at Prisoners Pt",219.4,11.2,53.1,32.11,"68","Adult",38.07438,-121.56956,"Directed Outflow Project","BY2023 3b","Rio Vista","Soft (carboy)",NA,"Fish 232",2024-01-25,"Rio Vista","Soft (carboy)","Right/Orange/AD",38.1013,-121.72813,14,18837.7274436891,"Soft (carboy)","Soft (carboy) Rio Vista",2024,2023,2024-01-21,"Yes"
"233",2024-02-08,"USFWS EDSM","Kodiak Trawl","24-28-LSR04","Sacramento River near Rio Vista",179.9,11,104,59.83,"69","Adult",38.11398,-121.68915,"Directed Outflow Project","BY2023 4a","Rio Vista","Hard (trailer)",NA,"Fish 233",2024-01-31,"Rio Vista","Hard (trailer)","Left/Red/PD",38.139752,-121.694706,8,5216.56238113019,"Hard (Large Scale)","Hard (trailer) Rio Vista",2024,2023,2024-01-21,"Yes"
"234",2024-02-09,"TFCF","Salvage","NA","Salvage",NA,11.6,NA,NA,"81","Adult",37.815819,-121.558995,"NA","BY2023 4b","Rio Vista","Soft (carboy)",NA,"Fish 234",2024-01-30,"Rio Vista","Soft (carboy)","Right/Red/AD",38.1013,-121.72813,10,46745.4547117514,"Soft (carboy)","Soft (carboy) Rio Vista",2024,2023,2024-01-21,"Yes"
"235",2024-02-10,"TFCF","Salvage","NA","Salvage",NA,11.6,NA,NA,"65","Adult",37.815819,-121.558995,"NA","BY2023 LS2","Rio Vista","Hard (large scale)",NA,"Fish 235",2024-01-10,"Rio Vista","Hard (large scale)","Ad-clip",38.139752,-121.694706,31,46745.4547117514,"Hard (Large Scale)","Hard (large scale) Rio Vista",2024,2023,2024-01-21,"No"
"236",2024-02-12,"TFCF","Salvage","NA","Salvage",NA,11.1,NA,NA,"68","Adult",37.815819,-121.558995,"NA","BY2023 4a","Rio Vista","Hard (trailer)",NA,"Fish 236",2024-01-31,"Rio Vista","Hard (trailer)","Left/Red/PD",38.139752,-121.694706,12,46745.4547117514,"Hard (Large Scale)","Hard (trailer) Rio Vista",2024,2023,2024-01-21,"Yes"
"237",2024-02-12,"USFWS EDSM","Kodiak Trawl","24-29-WD01","Carquinez Strait",2651,11.6,144,44.7,"70","Adult",38.04656,-122.17116,"Directed Outflow Project","BY2023 3a","Rio Vista","Hard (carboy)",NA,"Fish 237",2024-01-24,"Rio Vista","Hard (carboy)","Left/Orange/PD",38.124736,-121.699521,19,46626.1900537969,"Hard (carboy)","Hard (carboy) Rio Vista",2024,2023,2024-01-21,"Yes"
"238",2024-02-13,"TFCF","Salvage","NA","Salvage",NA,11.5,NA,NA,"77","Adult",37.815819,-121.558995,"NA","BY2023 4a","Rio Vista","Hard (trailer)",NA,"Fish 238",2024-01-31,"Rio Vista","Hard (trailer)","Left/Red/PD",38.139752,-121.694706,13,46745.4547117514,"Hard (Large Scale)","Hard (trailer) Rio Vista",2024,2023,2024-01-21,"Yes"
"239",2024-02-13,"TFCF","Salvage","NA","Salvage",NA,11.8,NA,NA,"84","Adult",37.815819,-121.558995,"NA","BY2023 LS2","Rio Vista","Hard (large scale)",NA,"Fish 239",2024-01-10,"Rio Vista","Hard (large scale)","Ad-clip",38.139752,-121.694706,34,46745.4547117514,"Hard (Large Scale)","Hard (large scale) Rio Vista",2024,2023,2024-01-21,"No"
"240",2024-02-13,"USFWS EDSM","Kodiak Trawl","24-29-LSJ02","San Joaquin River at Prisoners Pt",223.6,10.6,42.9,31.11,"78","Adult",38.09394,-121.58234,"Directed Outflow Project","BY2023 3b","Rio Vista","Soft (carboy)",NA,"Fish 240",2024-01-25,"Rio Vista","Soft (carboy)","Right/Orange/AD",38.1013,-121.72813,19,16401.4951484488,"Soft (carboy)","Soft (carboy) Rio Vista",2024,2023,2024-01-21,"Yes"
"241",2024-02-14,"DJFMP","E-fishing","LIB9","Cache Slough and Liberty Island",19837,10.95,68.8,NA,"63","Adult",38.25338,-121.6866,"Directed Outflow Project","BY2023 4a","Rio Vista","Hard (trailer)","Water temp channel 10.9, water temp shore 11.0","Fish 241",2024-01-31,"Rio Vista","Hard (trailer)","Left/Red/PD",38.139752,-121.694706,14,14158.5408398508,"Hard (Large Scale)","Hard (trailer) Rio Vista",2024,2023,2024-01-21,"Yes"
"242",2024-02-14,"USFWS EDSM","Kodiak Trawl","24-29-SM02","Suisun Marsh",1069,11.2,121,46.74,"61","Adult",38.18432,-121.98575,"Directed Outflow Project","BY2023 1a","Rio Vista","Hard (carboy)",NA,"Fish 242",2023-12-12,"Rio Vista","Hard (carboy)","Left/Blue/PD",38.124736,-121.699521,64,40698.6756355421,"Hard (carboy)","Hard (carboy) Rio Vista",2024,2023,2024-01-21,"No"
"243",2024-02-14,"USFWS EDSM","Kodiak Trawl","24-29-SM03","Suisun Marsh",190,10.4,133,59.08,"63","Adult",38.0716,-121.87178,"Directed Outflow Project","BY2023 4b","Rio Vista","Soft (carboy)",NA,"Fish 243",2024-01-30,"Rio Vista","Soft (carboy)","Right/Red/AD",38.1013,-121.72813,15,19508.6402364852,"Soft (carboy)","Soft (carboy) Rio Vista",2024,2023,2024-01-21,"Yes"
"244",2024-02-17,"TFCF","Salvage","NA","Salvage",NA,12.6,NA,NA,"58","Adult",37.815819,-121.558995,"NA","BY2023 4a","Rio Vista","Hard (trailer)",NA,"Fish 244",2024-01-31,"Rio Vista","Hard (trailer)","Left/Red/PD",38.139752,-121.694706,17,46745.4547117514,"Hard (Large Scale)","Hard (trailer) Rio Vista",2024,2023,2024-01-21,"Yes"
"245",2024-02-17,"TFCF","Salvage","NA","Salvage",NA,NA,NA,NA,"69","Adult",37.815819,-121.558995,"NA","BY2023 LS2","Rio Vista","Hard (large scale)","Not included in salvage count, observed in secondary traveling screen","Fish 245",2024-01-10,"Rio Vista","Hard (large scale)","Ad-clip",38.139752,-121.694706,38,46745.4547117514,"Hard (Large Scale)","Hard (large scale) Rio Vista",2024,2023,2024-01-21,"No"
"246",2024-02-18,"TFCF","Salvage","NA","Salvage",NA,12.6,NA,NA,"68","Adult",37.815819,-121.558995,"NA","BY2023 4a","Rio Vista","Hard (trailer)",NA,"Fish 246",2024-01-31,"Rio Vista","Hard (trailer)","Left/Red/PD",38.139752,-121.694706,18,46745.4547117514,"Hard (Large Scale)","Hard (trailer) Rio Vista",2024,2023,2024-01-21,"Yes"
"247",2024-02-18,"TFCF","Salvage","NA","Salvage",NA,12.4,NA,NA,"83","Adult",37.815819,-121.558995,"NA","BY2023 LS2","Rio Vista","Hard (large scale)",NA,"Fish 247",2024-01-10,"Rio Vista","Hard (large scale)","Ad-clip",38.139752,-121.694706,39,46745.4547117514,"Hard (Large Scale)","Hard (large scale) Rio Vista",2024,2023,2024-01-21,"No"
"248",2024-02-22,"TFCF","Salvage","NA","Salvage",NA,13.6,NA,NA,"69","Adult",37.815819,-121.558995,"NA","BY2023 LS2","Rio Vista","Hard (large scale)",NA,"Fish 248",2024-01-10,"Rio Vista","Hard (large scale)","Ad-clip",38.139752,-121.694706,43,46745.4547117514,"Hard (Large Scale)","Hard (large scale) Rio Vista",2024,2023,2024-01-21,"No"
"249",2024-02-23,"TFCF","Salvage","NA","Salvage",NA,13.3,NA,NA,"66","Adult",37.815819,-121.558995,NA,"BY2023 LS2","Rio Vista","Hard (large scale)",NA,"Fish 249",2024-01-10,"Rio Vista","Hard (large scale)","Ad-clip",38.139752,-121.694706,44,46745.4547117514,"Hard (Large Scale)","Hard (large scale) Rio Vista",2024,2023,2024-01-21,"No"
"250",2024-02-23,"TFCF","Salvage","NA","Salvage",NA,13.7,NA,NA,"70","Adult",37.815819,-121.558995,NA,"BY2023 3a","Rio Vista","Hard (carboy)",NA,"Fish 250",2024-01-24,"Rio Vista","Hard (carboy)","Left/Orange/PD",38.124736,-121.699521,30,46745.4547117514,"Hard (carboy)","Hard (carboy) Rio Vista",2024,2023,2024-01-21,"Yes"
"251",2024-02-26,"USFWS EDSM","Kodiak Trawl","24-31-LSJ01","San Joaquin River near Twitchell Island",178.3,12.6,37.4,27.49,"66","Adult",38.09381,-121.64784,"Directed Outflow Project","BY2023 1b","Rio Vista","Soft (carboy)",NA,"Fish 251",2023-12-14,"Rio Vista","Soft (carboy)","Right/Blue/AD",38.1013,-121.72813,74,11636.811415789,"Soft (carboy)","Soft (carboy) Rio Vista",2024,2023,2024-01-21,"No"
"252",2024-02-27,"USFWS EDSM","Kodiak Trawl","24-31-SM01","Suisun Marsh",653,13.3,74.6,39.94,"71","Adult",38.17167,-121.95804,"Directed Outflow Project","BY2023 3a","Rio Vista","Hard (carboy)",NA,"Fish 252",2024-01-24,"Rio Vista","Hard (carboy)","Left/Orange/PD",38.124736,-121.699521,34,37450.8042591674,"Hard (carboy)","Hard (carboy) Rio Vista",2024,2023,2024-01-21,"Yes"
"253",2024-02-28,"USFWS EDSM","Kodiak Trawl","24-31-LSJ02","San Joaquin River near Twitchell Island",182.1,12.5,26.2,19.9,"61","Adult",38.09999,-121.61458,"Directed Outflow Project","BY2023 4a","Rio Vista","Hard (trailer)",NA,"Fish 253",2024-01-31,"Rio Vista","Hard (trailer)","Left/Red/PD",38.139752,-121.694706,28,14074.0296174722,"Hard (Large Scale)","Hard (trailer) Rio Vista",2024,2023,2024-01-21,"Yes"
"254",2024-02-28,"USFWS EDSM","Kodiak Trawl","24-31-LSJ06","San Joaquin River near Twitchell Island",176.2,12.6,29.1,22.6,"77","Adult",38.10162,-121.61362,"Directed Outflow Project","BY2023 3b","Rio Vista","Soft (carboy)",NA,"Fish 254",2024-01-25,"Rio Vista","Soft (carboy)","Right/Orange/AD",38.1013,-121.72813,34,13941.7347157847,"Soft (carboy)","Soft (carboy) Rio Vista",2024,2023,2024-01-21,"Yes"
"255",2024-03-11,"USFWS EDSM","Kodiak Trawl","24-33-SM02","Suisun Marsh",1113,13.5,70.2,47.32,"72","Adult",38.14693,-122.05933,"Directed Outflow Project","BY2023 3a","Hard (carboy)",NA,NA,"Fish 255",2024-01-24,"Rio Vista","Hard (carboy)","Left/Orange/PD",38.124736,-121.699521,47,40944.1738804865,"Hard (carboy)","Hard (carboy) Rio Vista",2024,2023,2024-01-21,"Yes"
"256",2024-03-11,"USFWS EDSM","Kodiak Trawl","24-33-SSC03","Lower Sac River Ship Channel",334.2,12.6,55.9,34.11,"66","Adult",38.28902,-121.65742,"Directed Outflow Project","BY2023 1b","Soft (carboy)",NA,NA,"Fish 256",2023-12-14,"Rio Vista","Soft (carboy)","Right/Blue/AD",38.1013,-121.72813,88,18035.6702283453,"Soft (carboy)","Soft (carboy) Rio Vista",2024,2023,2024-01-21,"No"
"257",2024-03-13,"USFWS EDSM","Kodiak Trawl","24-33-LSR02","Lower Sacramento River",195.3,12.1,43.5,22.53,"79","Adult",38.06466,-121.79475,"Directed Outflow Project","BY2023 3b","Soft (carboy)",NA,NA,"Fish 257",2024-01-25,"Rio Vista","Soft (carboy)","Right/Orange/AD",38.1013,-121.72813,48,12519.7855995289,"Soft (carboy)","Soft (carboy) Rio Vista",2024,2023,2024-01-21,"Yes"
"258",2024-03-25,"USFWS EDSM","Kodiak Trawl","24-35-LSR02","Lower Sacramento River",199.9,14.2,26.6,15.37,"76","Adult",38.06373,-121.8102,"Directed Outflow Project","BY2023 3a","Hard (carboy)",NA,NA,"Fish 258",2024-01-24,"Rio Vista","Hard (carboy)","Left/Orange/PD",38.124736,-121.699521,61,13913.8841550478,"Hard (carboy)","Hard (carboy) Rio Vista",2024,2023,2024-01-21,"Yes"
"259",2024-03-25,"USFWS EDSM","Kodiak Trawl","24-35-SM03","Suisun Marsh",864,15.1,45.3,28.32,"85","Adult",38.18695,-121.97835,"Directed Outflow Project","BY2023 3a","Hard (carboy)",NA,NA,"Fish 259",2024-01-24,"Rio Vista","Hard (carboy)","Left/Orange/PD",38.124736,-121.699521,61,40063.2654389172,"Hard (carboy)","Hard (carboy) Rio Vista",2024,2023,2024-01-21,"Yes"
"260",2024-03-25,"USFWS EDSM","Kodiak Trawl","24-35-SM03","Suisun Marsh",880,15.1,45.3,27.63,"81","Adult",38.18682,-121.97931,"Directed Outflow Project","BY2023 3a","Hard (carboy)",NA,NA,"Fish 260",2024-01-24,"Rio Vista","Hard (carboy)","Left/Orange/PD",38.124736,-121.699521,61,40138.2654389172,"Hard (carboy)","Hard (carboy) Rio Vista",2024,2023,2024-01-21,"Yes"
"261",2024-03-26,"USFWS EDSM","Kodiak Trawl","24-35-SSC03","Lower Sac River Ship Channel",630,15,30.5,18.87,"61","Adult",38.31413,-121.65241,"Directed Outflow Project","BY2023 1b","Soft (carboy)",NA,NA,"Fish 261",2023-12-14,"Rio Vista","Soft (carboy)","Right/Blue/AD",38.1013,-121.72813,103,20899.1957199077,"Soft (carboy)","Soft (carboy) Rio Vista",2024,2023,2024-01-21,"No"
